invoice_id,issue_date_id,customer_id,cost_center_id,gross_amount,tax_amount,net_amount,due_date_id,paid_flag
1,20220103,9,1,26270.49,3152.46,23118.03,20220118,1
2,20220104,15,1,29681.94,3561.83,26120.11,20220111,1
3,20220105,10,1,1547.85,185.74,1362.11,20220204,1
4,20220106,13,1,8931.31,1071.76,7859.55,20220121,1
5,20220107,7,1,2477.83,297.34,2180.49,20220107,1
6,20220110,20,1,40010.06,4801.21,35208.85,20220110,1
7,20220111,4,1,19643.59,2357.23,17286.36,20220118,1
8,20220112,5,1,8084.76,970.17,7114.59,20220127,1
9,20220113,7,1,1321.27,158.55,1162.72,20220113,1
10,20220114,15,1,7494.62,899.35,6595.27,20220129,1
11,20220117,29,1,7913.65,949.64,6964.01,20220216,1
12,20220118,13,1,26315.02,3157.8,23157.21,20220217,1
13,20220119,7,1,20420.0,2450.4,17969.6,20220203,1
14,20220120,19,1,43907.83,5268.94,38638.89,20220127,1
15,20220121,28,1,12858.28,1542.99,11315.29,20220128,1
16,20220124,10,1,2562.79,307.53,2255.25,20220124,1
17,20220125,30,1,25132.95,3015.95,22117.0,20220125,1
18,20220126,21,1,28780.11,3453.61,25326.5,20220202,1
19,20220127,28,1,16576.97,1989.24,14587.73,20220226,1
20,20220128,12,1,29655.29,3558.64,26096.66,20220227,1
21,20220131,20,1,13698.28,1643.79,12054.49,20220207,1
22,20220201,30,1,29751.95,3570.23,26181.72,20220201,1
23,20220202,3,1,14182.55,1701.91,12480.65,20220202,1
24,20220203,29,1,13204.76,1584.57,11620.19,20220210,1
25,20220204,14,1,4847.14,581.66,4265.48,20220211,1
26,20220207,2,1,1710.84,205.3,1505.54,20220214,1
27,20220208,3,1,39829.36,4779.52,35049.84,20220310,1
28,20220209,29,1,40383.46,4846.02,35537.44,20220209,1
29,20220210,4,1,17553.2,2106.38,15446.82,20220210,1
30,20220211,4,1,7248.49,869.82,6378.67,20220211,1
31,20220214,14,1,7520.21,902.43,6617.78,20220214,1
32,20220215,16,1,22661.51,2719.38,19942.13,20220317,1
33,20220216,24,1,39811.4,4777.37,35034.03,20220318,1
34,20220217,8,1,38183.91,4582.07,33601.84,20220304,1
35,20220218,3,1,26497.12,3179.65,23317.46,20220218,1
36,20220221,1,1,17984.58,2158.15,15826.43,20220323,1
37,20220222,12,1,1538.67,184.64,1354.03,20220309,1
38,20220223,19,1,3086.29,370.35,2715.93,20220302,1
39,20220224,23,1,40058.82,4807.06,35251.76,20220303,1
40,20220225,14,1,16324.67,1958.96,14365.71,20220304,1
41,20220228,6,1,161.75,19.41,142.34,20220307,1
42,20220301,26,1,2065.12,247.81,1817.31,20220308,1
43,20220302,1,1,11225.41,1347.05,9878.36,20220317,1
44,20220303,2,1,22334.42,2680.13,19654.29,20220402,1
45,20220304,30,1,3694.69,443.36,3251.33,20220311,1
46,20220307,16,1,14820.53,1778.46,13042.07,20220307,1
47,20220308,8,1,1355.75,162.69,1193.06,20220308,1
48,20220309,21,1,806.44,96.77,709.66,20220309,1
49,20220310,16,1,11518.04,1382.16,10135.87,20220310,1
50,20220311,7,1,11822.0,1418.64,10403.36,20220410,1
51,20220314,5,1,15418.05,1850.17,13567.89,20220321,1
52,20220315,29,1,19679.68,2361.56,17318.12,20220330,1
53,20220316,3,1,56587.36,6790.48,49796.88,20220415,1
54,20220317,26,1,11037.54,1324.5,9713.03,20220416,1
55,20220318,19,1,5927.18,711.26,5215.92,20220318,1
56,20220321,22,1,24097.38,2891.69,21205.7,20220321,1
57,20220322,29,1,4800.03,576.0,4224.03,20220329,1
58,20220323,28,1,8783.69,1054.04,7729.64,20220323,1
59,20220324,15,1,1241.68,149.0,1092.68,20220324,1
60,20220325,30,1,390.23,46.83,343.4,20220401,1
61,20220328,30,1,49958.72,5995.05,43963.68,20220427,1
62,20220329,5,1,27472.87,3296.74,24176.13,20220428,1
63,20220330,16,1,18094.35,2171.32,15923.02,20220406,1
64,20220331,26,1,7991.55,958.99,7032.57,20220430,1
65,20220401,12,1,47533.34,5704.0,41829.34,20220401,1
66,20220404,29,1,47707.45,5724.89,41982.55,20220411,1
67,20220405,7,1,13513.06,1621.57,11891.5,20220412,1
68,20220406,13,1,15848.24,1901.79,13946.45,20220506,1
69,20220407,10,1,9437.2,1132.46,8304.74,20220407,1
70,20220408,18,1,5503.94,660.47,4843.47,20220423,1
71,20220411,26,1,6320.17,758.42,5561.75,20220418,1
72,20220412,5,1,17705.4,2124.65,15580.75,20220412,1
73,20220413,5,1,22138.62,2656.63,19481.99,20220420,1
74,20220414,19,1,24872.29,2984.68,21887.62,20220514,1
75,20220415,16,1,24723.77,2966.85,21756.92,20220415,1
76,20220418,1,1,1516.85,182.02,1334.82,20220425,1
77,20220419,20,1,10817.62,1298.11,9519.5,20220419,1
78,20220420,7,1,940.23,112.83,827.41,20220420,1
79,20220421,13,1,12648.1,1517.77,11130.33,20220521,1
80,20220422,4,1,9239.59,1108.75,8130.84,20220429,1
81,20220425,28,1,34680.77,4161.69,30519.07,20220510,1
82,20220426,19,1,6854.76,822.57,6032.18,20220426,1
83,20220427,12,1,1974.72,236.97,1737.75,20220504,1
84,20220428,7,1,2447.39,293.69,2153.7,20220513,1
85,20220429,10,1,22734.86,2728.18,20006.68,20220506,1
86,20220502,5,1,19654.6,2358.55,17296.05,20220509,1
87,20220503,10,1,452.39,54.29,398.1,20220518,1
88,20220504,17,1,261.24,31.35,229.89,20220504,1
89,20220505,14,1,4617.91,554.15,4063.76,20220505,1
90,20220506,14,1,16264.65,1951.76,14312.89,20220506,1
91,20220509,19,1,42667.34,5120.08,37547.26,20220509,1
92,20220510,13,1,1593.66,191.24,1402.42,20220609,1
93,20220511,30,1,8815.71,1057.88,7757.82,20220511,1
94,20220512,17,1,4687.57,562.51,4125.07,20220611,1
95,20220513,2,1,34254.0,4110.48,30143.52,20220612,1
96,20220516,8,1,18046.57,2165.59,15880.98,20220531,1
97,20220517,26,1,17814.64,2137.76,15676.88,20220524,1
98,20220518,2,1,6182.81,741.94,5440.87,20220525,1
99,20220519,22,1,5238.59,628.63,4609.96,20220603,1
100,20220520,27,1,3122.51,374.7,2747.8,20220527,1
101,20220523,12,1,567.3,68.08,499.22,20220523,1
102,20220524,22,1,19557.17,2346.86,17210.31,20220623,1
103,20220525,5,1,16386.56,1966.39,14420.17,20220601,1
104,20220526,30,1,79897.91,9587.75,70310.16,20220610,1
105,20220527,25,1,55675.93,6681.11,48994.82,20220527,1
106,20220530,16,1,7925.33,951.04,6974.29,20220614,1
107,20220531,15,1,14325.34,1719.04,12606.3,20220615,1
108,20220601,17,1,16602.45,1992.29,14610.15,20220601,1
109,20220602,20,1,24127.19,2895.26,21231.93,20220602,1
110,20220603,4,1,11532.74,1383.93,10148.81,20220610,1
111,20220606,3,1,15555.9,1866.71,13689.19,20220606,1
112,20220607,13,1,34480.24,4137.63,30342.62,20220614,1
113,20220608,15,1,936.35,112.36,823.99,20220708,1
114,20220609,15,1,7289.17,874.7,6414.47,20220616,1
115,20220610,2,1,31304.96,3756.59,27548.36,20220625,1
116,20220613,8,1,56516.32,6781.96,49734.36,20220713,1
117,20220614,17,1,17958.29,2154.99,15803.3,20220714,1
118,20220615,19,1,19029.37,2283.52,16745.84,20220622,1
119,20220616,9,1,2840.17,340.82,2499.35,20220616,1
120,20220617,6,1,14860.7,1783.28,13077.42,20220717,1
121,20220620,26,1,19056.36,2286.76,16769.59,20220720,1
122,20220621,2,1,6957.36,834.88,6122.47,20220706,1
123,20220622,24,1,7858.85,943.06,6915.79,20220707,1
124,20220623,13,1,11867.27,1424.07,10443.2,20220630,1
125,20220624,5,1,507.98,60.96,447.02,20220624,1
126,20220627,1,1,9739.17,1168.7,8570.47,20220627,1
127,20220628,22,1,5951.79,714.21,5237.57,20220628,1
128,20220629,6,1,9940.21,1192.83,8747.39,20220706,1
129,20220630,23,1,3195.98,383.52,2812.47,20220730,1
130,20220701,20,1,13048.04,1565.77,11482.28,20220716,1
131,20220704,15,1,7832.98,939.96,6893.02,20220704,1
132,20220705,1,1,36960.13,4435.22,32524.92,20220804,1
133,20220706,30,1,8782.03,1053.84,7728.19,20220721,1
134,20220707,27,1,29890.98,3586.92,26304.06,20220806,1
135,20220708,29,1,10191.25,1222.95,8968.3,20220715,1
136,20220711,25,1,8338.04,1000.56,7337.48,20220711,1
137,20220712,29,1,10947.06,1313.65,9633.41,20220712,1
138,20220713,27,1,6320.6,758.47,5562.13,20220728,1
139,20220714,1,1,24263.69,2911.64,21352.05,20220721,1
140,20220715,4,1,12311.85,1477.42,10834.43,20220722,1
141,20220718,2,1,4656.89,558.83,4098.06,20220725,1
142,20220719,5,1,40504.88,4860.59,35644.29,20220803,1
143,20220720,10,1,8535.64,1024.28,7511.36,20220720,1
144,20220721,22,1,13821.83,1658.62,12163.21,20220728,1
145,20220722,13,1,41758.9,5011.07,36747.83,20220806,1
146,20220725,15,1,17249.91,2069.99,15179.92,20220824,1
147,20220726,13,1,2190.86,262.9,1927.96,20220825,1
148,20220727,20,1,49533.01,5943.96,43589.05,20220826,1
149,20220728,15,1,17413.41,2089.61,15323.8,20220728,1
150,20220729,8,1,7187.34,862.48,6324.86,20220729,1
151,20220801,15,1,13424.69,1610.96,11813.73,20220808,1
152,20220802,2,1,15456.21,1854.75,13601.46,20220809,1
153,20220803,28,1,203.65,24.44,179.21,20220803,1
154,20220804,18,1,16829.38,2019.53,14809.86,20220811,1
155,20220805,6,1,3029.14,363.5,2665.64,20220820,1
156,20220808,4,1,50151.23,6018.15,44133.08,20220808,1
157,20220809,8,1,2486.66,298.4,2188.26,20220809,1
158,20220810,23,1,8273.58,992.83,7280.75,20220825,1
159,20220811,3,1,1378.36,165.4,1212.96,20220910,1
160,20220812,10,1,89117.85,10694.14,78423.71,20220819,1
161,20220815,19,1,10777.22,1293.27,9483.95,20220822,1
162,20220816,2,1,13979.61,1677.55,12302.06,20220915,1
163,20220817,1,1,1072.74,128.73,944.01,20220901,1
164,20220818,23,1,21416.04,2569.93,18846.12,20220917,1
165,20220819,18,1,3640.1,436.81,3203.29,20220903,1
166,20220822,29,1,35277.61,4233.31,31044.29,20220921,1
167,20220823,1,1,3547.19,425.66,3121.52,20220823,1
168,20220824,23,1,3268.8,392.26,2876.54,20220908,1
169,20220825,24,1,575.28,69.03,506.24,20220909,1
170,20220826,27,1,9869.35,1184.32,8685.03,20220910,1
171,20220829,29,1,12855.22,1542.63,11312.6,20220928,1
172,20220830,22,1,1050.1,126.01,924.09,20220830,1
173,20220831,15,1,23082.6,2769.91,20312.69,20220831,1
174,20220901,1,1,25329.89,3039.59,22290.3,20220908,1
175,20220902,4,1,4465.58,535.87,3929.71,20220917,1
176,20220905,20,1,56929.9,6831.59,50098.31,20220920,1
177,20220906,3,1,12566.35,1507.96,11058.38,20221006,1
178,20220907,11,1,11188.41,1342.61,9845.8,20220907,1
179,20220908,30,1,16945.9,2033.51,14912.39,20220923,1
180,20220909,13,1,1114.06,133.69,980.37,20220924,1
181,20220912,2,1,4211.75,505.41,3706.34,20220912,1
182,20220913,26,1,31022.51,3722.7,27299.81,20220920,1
183,20220914,21,1,2001.6,240.19,1761.41,20220914,1
184,20220915,9,1,21403.68,2568.44,18835.24,20221015,1
185,20220916,17,1,6519.29,782.31,5736.97,20220916,1
186,20220919,25,1,11420.73,1370.49,10050.24,20220919,1
187,20220920,11,1,7889.2,946.7,6942.49,20221020,1
188,20220921,10,1,10179.54,1221.55,8958.0,20220921,1
189,20220922,7,1,29401.95,3528.23,25873.71,20221007,1
190,20220923,3,1,8165.24,979.83,7185.41,20220930,1
191,20220926,5,1,19352.75,2322.33,17030.42,20221026,1
192,20220927,12,1,14969.11,1796.29,13172.81,20221012,1
193,20220928,30,1,25235.67,3028.28,22207.39,20221005,1
194,20220929,2,1,63963.6,7675.63,56287.97,20221029,1
195,20220930,19,1,30544.65,3665.36,26879.29,20220930,1
196,20221003,5,1,17272.01,2072.64,15199.37,20221018,1
197,20221004,28,1,6298.88,755.87,5543.01,20221011,1
198,20221005,7,1,10092.84,1211.14,8881.7,20221104,1
199,20221006,14,1,1910.97,229.32,1681.66,20221105,1
200,20221007,11,1,8146.81,977.62,7169.19,20221014,1
201,20221010,13,1,14687.61,1762.51,12925.09,20221017,1
202,20221011,25,1,26182.71,3141.93,23040.78,20221026,1
203,20221012,20,1,66.6,7.99,58.61,20221111,1
204,20221013,27,1,12513.68,1501.64,11012.04,20221112,1
205,20221014,20,1,7001.8,840.22,6161.58,20221014,1
206,20221017,22,1,38070.75,4568.49,33502.26,20221017,1
207,20221018,19,1,24979.19,2997.5,21981.69,20221018,1
208,20221019,14,1,17671.79,2120.61,15551.18,20221026,1
209,20221020,11,1,6451.65,774.2,5677.46,20221027,1
210,20221021,25,1,47917.89,5750.15,42167.74,20221028,1
211,20221024,9,1,916.93,110.03,806.9,20221024,1
212,20221025,26,1,2303.5,276.42,2027.08,20221109,1
213,20221026,24,1,9874.22,1184.91,8689.31,20221102,1
214,20221027,5,1,2640.34,316.84,2323.5,20221027,1
215,20221028,22,1,62249.97,7470.0,54779.97,20221112,1
216,20221031,23,1,31778.78,3813.45,27965.32,20221031,1
217,20221101,4,1,17926.25,2151.15,15775.1,20221201,1
218,20221102,4,1,2308.97,277.08,2031.9,20221109,1
219,20221103,4,1,22443.96,2693.27,19750.68,20221118,1
220,20221104,17,1,23511.41,2821.37,20690.04,20221204,1
221,20221107,22,1,9330.25,1119.63,8210.62,20221107,1
222,20221108,10,1,84.4,10.13,74.27,20221115,1
223,20221109,1,1,4457.35,534.88,3922.47,20221116,1
224,20221110,26,1,12641.5,1516.98,11124.52,20221210,1
225,20221111,27,1,52345.16,6281.42,46063.74,20221118,1
226,20221114,18,1,13163.69,1579.64,11584.05,20221121,1
227,20221115,15,1,3963.47,475.62,3487.85,20221115,1
228,20221116,12,1,13242.37,1589.08,11653.28,20221216,1
229,20221117,27,1,10230.1,1227.61,9002.49,20221202,1
230,20221118,20,1,19938.9,2392.67,17546.23,20221118,1
231,20221121,12,1,1490.68,178.88,1311.79,20221206,1
232,20221122,29,1,18858.35,2263.0,16595.35,20221207,1
233,20221123,1,1,10266.85,1232.02,9034.82,20221130,1
234,20221124,15,1,43431.94,5211.83,38220.1,20221209,1
235,20221125,19,1,5511.71,661.4,4850.3,20221210,1
236,20221128,26,1,13192.65,1583.12,11609.53,20221213,1
237,20221129,26,1,35422.25,4250.67,31171.58,20221206,1
238,20221130,14,1,1424.88,170.99,1253.9,20221207,1
239,20221201,7,1,23108.14,2772.98,20335.17,20221216,1
240,20221202,9,1,29096.29,3491.55,25604.73,20221209,1
241,20221205,12,1,19686.36,2362.36,17324.0,20230104,1
242,20221206,8,1,235.68,28.28,207.4,20221213,1
243,20221207,28,1,9485.99,1138.32,8347.67,20221214,1
244,20221208,20,1,17502.88,2100.35,15402.53,20221215,1
245,20221209,15,1,2207.48,264.9,1942.58,20221224,1
246,20221212,7,1,10362.99,1243.56,9119.43,20221227,1
247,20221213,20,1,810.49,97.26,713.23,20230112,1
248,20221214,4,1,1964.3,235.72,1728.59,20221221,1
249,20221215,26,1,12138.28,1456.59,10681.69,20221222,1
250,20221216,26,1,3417.67,410.12,3007.55,20221231,1
251,20221219,3,1,20120.44,2414.45,17705.99,20230103,1
252,20221220,9,1,28069.83,3368.38,24701.45,20230119,1
253,20221221,10,1,38700.91,4644.11,34056.8,20221228,1
254,20221222,11,1,5360.49,643.26,4717.23,20221229,1
255,20221223,22,1,4399.67,527.96,3871.71,20230122,1
256,20221226,23,1,2651.04,318.12,2332.91,20230125,1
257,20221227,13,1,24285.26,2914.23,21371.03,20221227,1
258,20221228,13,1,29422.04,3530.64,25891.39,20230112,1
259,20221229,26,1,770.38,92.45,677.93,20230113,1
260,20221230,23,1,66059.3,7927.12,58132.19,20230106,1
261,20230102,12,1,56686.3,6802.36,49883.95,20230117,1
262,20230103,29,1,9792.89,1175.15,8617.74,20230202,1
263,20230104,18,1,4360.09,523.21,3836.88,20230111,1
264,20230105,2,1,1236.16,148.34,1087.82,20230105,1
265,20230106,5,1,3012.56,361.51,2651.05,20230205,1
266,20230109,26,1,11877.73,1425.33,10452.4,20230109,1
267,20230110,1,1,6655.19,798.62,5856.57,20230125,1
268,20230111,3,1,28587.75,3430.53,25157.22,20230118,1
269,20230112,5,1,9127.77,1095.33,8032.44,20230112,1
270,20230113,27,1,4630.77,555.69,4075.08,20230113,1
271,20230116,1,1,15547.13,1865.66,13681.48,20230116,1
272,20230117,19,1,19866.26,2383.95,17482.31,20230124,1
273,20230118,12,1,2959.67,355.16,2604.51,20230125,1
274,20230119,20,1,2970.9,356.51,2614.39,20230119,1
275,20230120,18,1,604.99,72.6,532.39,20230219,1
276,20230123,27,1,21590.96,2590.92,19000.05,20230207,1
277,20230124,30,1,17651.67,2118.2,15533.47,20230131,1
278,20230125,25,1,10422.86,1250.74,9172.12,20230201,1
279,20230126,29,1,30103.15,3612.38,26490.78,20230126,1
280,20230127,7,1,26527.78,3183.33,23344.44,20230211,1
281,20230130,24,1,14255.43,1710.65,12544.78,20230214,1
282,20230131,11,1,32823.92,3938.87,28885.05,20230207,1
283,20230201,15,1,14725.84,1767.1,12958.74,20230303,1
284,20230202,21,1,13122.55,1574.71,11547.84,20230202,1
285,20230203,22,1,522.54,62.7,459.83,20230218,1
286,20230206,2,1,8396.44,1007.57,7388.87,20230213,1
287,20230207,29,1,9622.36,1154.68,8467.68,20230309,1
288,20230208,16,1,10236.17,1228.34,9007.83,20230208,1
289,20230209,20,1,17458.62,2095.03,15363.58,20230216,1
290,20230210,27,1,15342.57,1841.11,13501.46,20230210,1
291,20230213,15,1,18833.33,2260.0,16573.33,20230315,1
292,20230214,3,1,29120.92,3494.51,25626.41,20230316,1
293,20230215,16,1,33725.35,4047.04,29678.3,20230222,1
294,20230216,4,1,25472.17,3056.66,22415.51,20230223,1
295,20230217,18,1,62616.05,7513.93,55102.12,20230224,1
296,20230220,17,1,370.15,44.42,325.73,20230220,1
297,20230221,4,1,4382.8,525.94,3856.87,20230228,1
298,20230222,25,1,152.71,18.33,134.39,20230301,1
299,20230223,11,1,20973.27,2516.79,18456.47,20230310,1
300,20230224,12,1,45925.74,5511.09,40414.65,20230303,1
301,20230227,7,1,5612.86,673.54,4939.32,20230227,1
302,20230228,7,1,52658.19,6318.98,46339.21,20230315,1
303,20230301,25,1,5545.04,665.41,4879.64,20230316,1
304,20230302,16,1,909.86,109.18,800.68,20230309,1
305,20230303,30,1,9256.67,1110.8,8145.87,20230310,1
306,20230306,25,1,885.27,106.23,779.04,20230321,1
307,20230307,16,1,20374.72,2444.97,17929.75,20230406,1
308,20230308,17,1,3366.2,403.94,2962.26,20230407,1
309,20230309,12,1,9819.93,1178.39,8641.54,20230408,1
310,20230310,20,1,26820.14,3218.42,23601.73,20230325,1
311,20230313,16,1,13307.27,1596.87,11710.4,20230320,1
312,20230314,13,1,9627.47,1155.3,8472.18,20230329,1
313,20230315,28,1,4957.75,594.93,4362.82,20230330,1
314,20230316,8,1,5121.03,614.52,4506.5,20230323,1
315,20230317,5,1,13999.96,1679.99,12319.96,20230416,1
316,20230320,8,1,64991.54,7798.98,57192.55,20230419,1
317,20230321,12,1,13710.68,1645.28,12065.4,20230321,1
318,20230322,25,1,10318.17,1238.18,9079.99,20230329,1
319,20230323,21,1,16587.69,1990.52,14597.16,20230422,1
320,20230324,6,1,7914.48,949.74,6964.74,20230331,1
321,20230327,18,1,784.36,94.12,690.24,20230426,1
322,20230328,7,1,10447.9,1253.75,9194.15,20230427,1
323,20230329,1,1,39975.02,4797.0,35178.02,20230329,1
324,20230330,16,1,2437.28,292.47,2144.81,20230429,1
325,20230331,6,1,14810.4,1777.25,13033.15,20230430,1
326,20230403,29,1,27480.77,3297.69,24183.07,20230418,1
327,20230404,7,1,10036.67,1204.4,8832.27,20230419,1
328,20230405,28,1,16003.63,1920.44,14083.2,20230412,1
329,20230406,14,1,5322.05,638.65,4683.4,20230421,1
330,20230407,5,1,2205.87,264.7,1941.16,20230407,1
331,20230410,22,1,43412.85,5209.54,38203.31,20230410,1
332,20230411,30,1,8771.31,1052.56,7718.76,20230426,1
333,20230412,2,1,5566.63,668.0,4898.63,20230419,1
334,20230413,27,1,33457.57,4014.91,29442.66,20230413,1
335,20230414,22,1,27372.89,3284.75,24088.14,20230421,1
336,20230417,15,1,28523.02,3422.76,25100.26,20230417,1
337,20230418,10,1,7392.48,887.1,6505.38,20230503,1
338,20230419,26,1,7531.16,903.74,6627.42,20230519,1
339,20230420,7,1,7095.58,851.47,6244.11,20230420,1
340,20230421,1,1,5428.14,651.38,4776.76,20230421,1
341,20230424,21,1,30326.14,3639.14,26687.0,20230501,1
342,20230425,18,1,53580.84,6429.7,47151.14,20230425,1
343,20230426,21,1,36645.41,4397.45,32247.96,20230426,1
344,20230427,18,1,44670.17,5360.42,39309.75,20230427,1
345,20230428,13,1,14756.37,1770.76,12985.61,20230528,1
346,20230501,8,1,4753.89,570.47,4183.42,20230516,1
347,20230502,14,1,68565.58,8227.87,60337.71,20230601,1
348,20230503,26,1,20236.33,2428.36,17807.97,20230503,1
349,20230504,18,1,192.73,23.13,169.6,20230511,1
350,20230505,20,1,5422.38,650.69,4771.69,20230512,1
351,20230508,20,1,5553.71,666.45,4887.27,20230508,1
352,20230509,12,1,1319.52,158.34,1161.17,20230608,1
353,20230510,19,1,59101.21,7092.15,52009.07,20230517,1
354,20230511,17,1,11961.21,1435.35,10525.86,20230610,1
355,20230512,21,1,41580.44,4989.65,36590.78,20230527,1
356,20230515,26,1,7150.61,858.07,6292.54,20230614,1
357,20230516,30,1,2459.96,295.19,2164.76,20230531,1
358,20230517,7,1,11823.62,1418.83,10404.78,20230517,1
359,20230518,12,1,2224.46,266.93,1957.52,20230518,1
360,20230519,15,1,12236.72,1468.41,10768.32,20230526,1
361,20230522,21,1,46505.32,5580.64,40924.68,20230522,1
362,20230523,30,1,13523.87,1622.86,11901.0,20230523,1
363,20230524,30,1,17620.98,2114.52,15506.46,20230623,1
364,20230525,14,1,3132.15,375.86,2756.29,20230624,1
365,20230526,14,1,822.22,98.67,723.55,20230610,1
366,20230529,23,1,2159.24,259.11,1900.13,20230628,1
367,20230530,11,1,16779.13,2013.5,14765.64,20230629,1
368,20230531,22,1,1835.49,220.26,1615.23,20230607,1
369,20230601,13,1,19912.28,2389.47,17522.81,20230601,1
370,20230602,17,1,28845.22,3461.43,25383.79,20230609,1
371,20230605,4,1,5548.92,665.87,4883.05,20230705,1
372,20230606,16,1,30760.69,3691.28,27069.41,20230621,1
373,20230607,27,1,12169.53,1460.34,10709.19,20230622,1
374,20230608,6,1,1414.98,169.8,1245.19,20230623,1
375,20230609,14,1,1064.65,127.76,936.89,20230709,1
376,20230612,11,1,7178.64,861.44,6317.2,20230627,1
377,20230613,9,1,27114.88,3253.79,23861.09,20230620,1
378,20230614,16,1,21702.47,2604.3,19098.17,20230614,1
379,20230615,25,1,27422.54,3290.7,24131.84,20230715,1
380,20230616,29,1,12851.2,1542.14,11309.06,20230623,1
381,20230619,18,1,10237.51,1228.5,9009.01,20230704,1
382,20230620,13,1,2814.94,337.79,2477.14,20230705,1
383,20230621,17,1,7019.13,842.3,6176.83,20230628,1
384,20230622,30,1,10043.78,1205.25,8838.53,20230629,1
385,20230623,13,1,1637.05,196.45,1440.6,20230630,1
386,20230626,17,1,4398.09,527.77,3870.32,20230711,1
387,20230627,13,1,16090.37,1930.84,14159.52,20230712,1
388,20230628,21,1,23477.99,2817.36,20660.63,20230713,1
389,20230629,10,1,113028.3,13563.4,99464.9,20230714,1
390,20230630,14,1,47726.99,5727.24,41999.75,20230707,1
391,20230703,27,1,14294.61,1715.35,12579.26,20230710,1
392,20230704,3,1,71468.61,8576.23,62892.38,20230803,1
393,20230705,19,1,4682.17,561.86,4120.31,20230720,1
394,20230706,17,1,9390.93,1126.91,8264.02,20230805,1
395,20230707,7,1,14192.78,1703.13,12489.65,20230707,1
396,20230710,20,1,28469.38,3416.33,25053.06,20230717,1
397,20230711,4,1,14444.16,1733.3,12710.86,20230718,1
398,20230712,20,1,17223.31,2066.8,15156.51,20230719,1
399,20230713,15,1,4652.54,558.3,4094.24,20230812,1
400,20230714,8,1,34059.01,4087.08,29971.93,20230714,1
401,20230717,15,1,10157.51,1218.9,8938.61,20230724,1
402,20230718,20,1,2757.32,330.88,2426.44,20230817,1
403,20230719,14,1,19802.63,2376.32,17426.32,20230803,1
404,20230720,29,1,4418.22,530.19,3888.04,20230720,1
405,20230721,8,1,1862.95,223.55,1639.39,20230728,1
406,20230724,28,1,35939.46,4312.74,31626.72,20230731,1
407,20230725,17,1,11187.7,1342.52,9845.18,20230809,1
408,20230726,2,1,25105.88,3012.71,22093.17,20230726,1
409,20230727,24,1,6230.37,747.64,5482.73,20230803,1
410,20230728,3,1,28061.92,3367.43,24694.49,20230827,1
411,20230731,12,1,2154.32,258.52,1895.8,20230731,1
412,20230801,28,1,8365.68,1003.88,7361.8,20230816,1
413,20230802,7,1,21621.3,2594.56,19026.75,20230809,1
414,20230803,9,1,5010.79,601.3,4409.5,20230902,1
415,20230804,28,1,2342.55,281.11,2061.45,20230804,1
416,20230807,8,1,15277.84,1833.34,13444.5,20230822,1
417,20230808,23,1,21460.08,2575.21,18884.87,20230907,1
418,20230809,3,1,1301.78,156.21,1145.56,20230908,1
419,20230810,26,1,3366.1,403.93,2962.17,20230810,1
420,20230811,15,1,1879.21,225.51,1653.7,20230818,1
421,20230814,15,1,5248.15,629.78,4618.37,20230829,1
422,20230815,21,1,7345.03,881.4,6463.62,20230830,1
423,20230816,25,1,16956.37,2034.76,14921.61,20230816,1
424,20230817,21,1,12924.67,1550.96,11373.71,20230824,1
425,20230818,20,1,11905.09,1428.61,10476.48,20230825,1
426,20230821,4,1,5331.88,639.83,4692.05,20230920,1
427,20230822,17,1,22602.63,2712.32,19890.31,20230906,1
428,20230823,9,1,7821.64,938.6,6883.04,20230907,1
429,20230824,28,1,47474.55,5696.95,41777.61,20230824,1
430,20230825,15,1,12340.53,1480.86,10859.67,20230901,1
431,20230828,19,1,1656.57,198.79,1457.78,20230828,1
432,20230829,6,1,13838.43,1660.61,12177.82,20230913,1
433,20230830,27,1,4825.66,579.08,4246.58,20230914,1
434,20230831,27,1,14229.26,1707.51,12521.75,20230915,1
435,20230901,19,1,2349.73,281.97,2067.76,20231001,1
436,20230904,10,1,37169.82,4460.38,32709.44,20230904,1
437,20230905,25,1,7402.7,888.32,6514.37,20230905,1
438,20230906,13,1,19535.48,2344.26,17191.22,20230906,1
439,20230907,3,1,12821.58,1538.59,11282.99,20231007,1
440,20230908,14,1,14175.56,1701.07,12474.49,20230923,1
441,20230911,16,1,1774.07,212.89,1561.18,20230911,1
442,20230912,20,1,3352.07,402.25,2949.82,20231012,1
443,20230913,17,1,19414.0,2329.68,17084.32,20230913,1
444,20230914,29,1,44379.07,5325.49,39053.58,20230921,1
445,20230915,17,1,3828.39,459.41,3368.98,20230922,1
446,20230918,17,1,3980.84,477.7,3503.14,20230925,1
447,20230919,8,1,8045.05,965.41,7079.64,20231004,1
448,20230920,20,1,51826.68,6219.2,45607.48,20231020,1
449,20230921,1,1,3935.91,472.31,3463.6,20230928,1
450,20230922,7,1,6564.51,787.74,5776.77,20230922,1
451,20230925,21,1,27900.9,3348.11,24552.79,20230925,1
452,20230926,30,1,36.75,4.41,32.34,20231003,1
453,20230927,11,1,509.8,61.18,448.62,20231004,1
454,20230928,30,1,11640.2,1396.82,10243.38,20230928,1
455,20230929,9,1,29891.32,3586.96,26304.36,20231029,1
456,20231002,22,1,41766.88,5012.03,36754.85,20231101,1
457,20231003,28,1,28608.74,3433.05,25175.69,20231003,1
458,20231004,24,1,4219.46,506.34,3713.13,20231019,1
459,20231005,2,1,10894.81,1307.38,9587.43,20231104,1
460,20231006,28,1,29412.72,3529.53,25883.2,20231006,1
461,20231009,7,1,1209.31,145.12,1064.19,20231108,1
462,20231010,5,1,8494.52,1019.34,7475.18,20231109,1
463,20231011,1,1,33100.03,3972.0,29128.03,20231011,1
464,20231012,15,1,8967.97,1076.16,7891.81,20231111,1
465,20231013,19,1,1400.51,168.06,1232.44,20231013,1
466,20231016,10,1,13556.63,1626.8,11929.84,20231115,1
467,20231017,18,1,34299.01,4115.88,30183.13,20231116,1
468,20231018,3,1,15467.63,1856.12,13611.51,20231102,1
469,20231019,15,1,4447.11,533.65,3913.45,20231103,1
470,20231020,27,1,8405.53,1008.66,7396.87,20231027,1
471,20231023,11,1,10367.19,1244.06,9123.13,20231023,1
472,20231024,17,1,15007.58,1800.91,13206.67,20231031,1
473,20231025,5,1,24691.77,2963.01,21728.76,20231124,1
474,20231026,2,1,1804.71,216.56,1588.14,20231125,1
475,20231027,20,1,38207.62,4584.91,33622.7,20231126,1
476,20231030,12,1,214.71,25.77,188.94,20231106,1
477,20231031,1,1,8010.67,961.28,7049.39,20231115,1
478,20231101,18,1,11363.38,1363.61,9999.78,20231101,1
479,20231102,19,1,30411.26,3649.35,26761.91,20231102,1
480,20231103,14,1,2087.25,250.47,1836.78,20231118,1
481,20231106,18,1,23301.75,2796.21,20505.54,20231206,1
482,20231107,19,1,1987.58,238.51,1749.07,20231122,1
483,20231108,15,1,23567.46,2828.09,20739.36,20231208,1
484,20231109,7,1,4809.83,577.18,4232.65,20231109,1
485,20231110,3,1,31250.91,3750.11,27500.8,20231210,1
486,20231113,9,1,42980.93,5157.71,37823.22,20231213,1
487,20231114,20,1,2401.67,288.2,2113.47,20231114,1
488,20231115,17,1,9259.9,1111.19,8148.72,20231115,1
489,20231116,17,1,59073.63,7088.84,51984.8,20231116,1
490,20231117,8,1,9846.48,1181.58,8664.9,20231202,1
491,20231120,6,1,29692.64,3563.12,26129.52,20231205,1
492,20231121,27,1,13245.54,1589.46,11656.07,20231121,1
493,20231122,13,1,7014.5,841.74,6172.76,20231207,1
494,20231123,14,1,5017.44,602.09,4415.35,20231123,1
495,20231124,23,1,3386.72,406.41,2980.31,20231224,1
496,20231127,18,1,21386.99,2566.44,18820.55,20231227,1
497,20231128,22,1,7284.46,874.14,6410.33,20231128,1
498,20231129,22,1,10673.19,1280.78,9392.41,20231214,1
499,20231130,3,1,10106.08,1212.73,8893.35,20231207,1
500,20231201,9,1,43932.07,5271.85,38660.22,20231208,1
501,20231204,5,1,41402.54,4968.3,36434.23,20240103,1
502,20231205,25,1,20431.08,2451.73,17979.35,20240104,1
503,20231206,29,1,18658.59,2239.03,16419.56,20240105,1
504,20231207,11,1,3917.41,470.09,3447.32,20231207,1
505,20231208,1,1,37940.92,4552.91,33388.01,20231223,1
506,20231211,19,1,8045.66,965.48,7080.18,20231211,1
507,20231212,27,1,17444.96,2093.39,15351.56,20231219,1
508,20231213,12,1,8498.32,1019.8,7478.52,20240112,1
509,20231214,4,1,3650.6,438.07,3212.53,20231221,1
510,20231215,15,1,25232.83,3027.94,22204.89,20231230,1
511,20231218,13,1,1419.46,170.33,1249.12,20240102,1
512,20231219,17,1,35087.35,4210.48,30876.87,20231226,1
513,20231220,16,1,9709.37,1165.12,8544.25,20240119,1
514,20231221,12,1,3.42,0.41,3.01,20240105,1
515,20231222,5,1,18184.29,2182.12,16002.18,20231222,1
516,20231225,26,1,1219.26,146.31,1072.95,20240109,1
517,20231226,26,1,8212.22,985.47,7226.75,20231226,1
518,20231227,1,1,31189.89,3742.79,27447.11,20240126,1
519,20231228,27,1,1645.01,197.4,1447.61,20231228,1
520,20231229,24,1,46459.65,5575.16,40884.49,20240113,1
521,20240101,7,1,53629.93,6435.59,47194.34,20240131,1
522,20240102,15,1,11857.91,1422.95,10434.96,20240117,1
523,20240103,9,1,18335.26,2200.23,16135.03,20240202,1
524,20240104,11,1,6055.17,726.62,5328.55,20240203,1
525,20240105,1,1,24092.84,2891.14,21201.7,20240120,1
526,20240108,25,1,24016.33,2881.96,21134.37,20240207,1
527,20240109,8,1,11934.34,1432.12,10502.22,20240109,1
528,20240110,22,1,60431.73,7251.81,53179.92,20240125,1
529,20240111,4,1,2173.44,260.81,1912.63,20240210,1
530,20240112,3,1,276.91,33.23,243.68,20240112,1
531,20240115,9,1,23820.38,2858.45,20961.94,20240115,1
532,20240116,2,1,26663.66,3199.64,23464.02,20240123,1
533,20240117,28,1,2074.76,248.97,1825.79,20240117,1
534,20240118,15,1,5000.69,600.08,4400.6,20240217,1
535,20240119,23,1,286.88,34.43,252.45,20240218,1
536,20240122,26,1,5624.13,674.9,4949.23,20240221,1
537,20240123,26,1,24032.06,2883.85,21148.21,20240222,1
538,20240124,9,1,11821.85,1418.62,10403.23,20240208,1
539,20240125,5,1,6931.43,831.77,6099.66,20240224,1
540,20240126,20,1,7529.91,903.59,6626.32,20240202,1
541,20240129,11,1,21.94,2.63,19.31,20240213,1
542,20240130,28,1,5773.64,692.84,5080.8,20240206,1
543,20240131,9,1,16844.38,2021.33,14823.05,20240131,1
544,20240201,9,1,27742.89,3329.15,24413.74,20240208,1
545,20240202,24,1,4484.99,538.2,3946.79,20240217,1
546,20240205,27,1,21029.31,2523.52,18505.79,20240212,1
547,20240206,19,1,37299.24,4475.91,32823.33,20240206,1
548,20240207,25,1,17451.26,2094.15,15357.1,20240207,1
549,20240208,7,1,307.56,36.91,270.65,20240208,1
550,20240209,3,1,229.32,27.52,201.81,20240310,1
551,20240212,20,1,11155.01,1338.6,9816.41,20240212,1
552,20240213,30,1,65828.33,7899.4,57928.93,20240228,1
553,20240214,3,1,6557.98,786.96,5771.03,20240214,1
554,20240215,7,1,25411.71,3049.4,22362.3,20240301,1
555,20240216,26,1,6342.75,761.13,5581.62,20240223,1
556,20240219,17,1,9802.87,1176.34,8626.53,20240226,1
557,20240220,13,1,47588.46,5710.61,41877.84,20240321,1
558,20240221,29,1,32963.85,3955.66,29008.19,20240322,1
559,20240222,21,1,2532.33,303.88,2228.45,20240308,1
560,20240223,18,1,14140.12,1696.81,12443.3,20240324,1
561,20240226,1,1,747.71,89.72,657.98,20240304,1
562,20240227,1,1,16559.65,1987.16,14572.49,20240305,1
563,20240228,26,1,27429.21,3291.51,24137.7,20240228,1
564,20240229,20,1,3185.78,382.29,2803.48,20240330,1
565,20240301,11,1,31992.0,3839.04,28152.96,20240331,1
566,20240304,10,1,9313.87,1117.66,8196.21,20240311,1
567,20240305,25,1,6119.21,734.31,5384.91,20240305,1
568,20240306,4,1,6672.16,800.66,5871.5,20240405,1
569,20240307,20,1,21144.36,2537.32,18607.03,20240322,1
570,20240308,25,1,28776.78,3453.21,25323.57,20240323,1
571,20240311,21,1,3398.5,407.82,2990.68,20240311,1
572,20240312,6,1,7859.99,943.2,6916.79,20240312,1
573,20240313,1,1,39376.7,4725.2,34651.49,20240328,1
574,20240314,25,1,27868.13,3344.18,24523.95,20240329,1
575,20240315,4,1,71054.23,8526.51,62527.72,20240315,1
576,20240318,9,1,23797.74,2855.73,20942.01,20240402,1
577,20240319,24,1,8470.74,1016.49,7454.25,20240326,1
578,20240320,8,1,15145.05,1817.41,13327.64,20240404,1
579,20240321,7,1,18343.82,2201.26,16142.56,20240405,1
580,20240322,6,1,1385.45,166.25,1219.19,20240322,1
581,20240325,15,1,13334.03,1600.08,11733.94,20240409,1
582,20240326,26,1,20950.72,2514.09,18436.63,20240410,1
583,20240327,29,1,3104.92,372.59,2732.33,20240403,1
584,20240328,25,1,25723.52,3086.82,22636.7,20240328,1
585,20240329,2,1,14863.04,1783.56,13079.47,20240413,1
586,20240401,26,1,8181.87,981.82,7200.05,20240501,1
587,20240402,9,1,1179.24,141.51,1037.73,20240402,1
588,20240403,27,1,9480.13,1137.62,8342.52,20240403,1
589,20240404,12,1,58516.04,7021.92,51494.12,20240419,1
590,20240405,27,1,20780.73,2493.69,18287.04,20240420,1
591,20240408,10,1,22535.42,2704.25,19831.17,20240415,1
592,20240409,25,1,20253.53,2430.42,17823.11,20240424,1
593,20240410,16,1,4491.97,539.04,3952.94,20240417,1
594,20240411,28,1,10969.73,1316.37,9653.36,20240511,1
595,20240412,10,1,28141.28,3376.95,24764.32,20240419,1
596,20240415,22,1,2163.89,259.67,1904.22,20240422,1
597,20240416,11,1,6590.16,790.82,5799.34,20240501,1
598,20240417,7,1,6547.21,785.67,5761.55,20240502,1
599,20240418,29,1,11451.73,1374.21,10077.52,20240503,1
600,20240419,6,1,79574.23,9548.91,70025.32,20240519,1
601,20240422,27,1,1414.87,169.78,1245.09,20240422,1
602,20240423,22,1,14804.23,1776.51,13027.72,20240523,1
603,20240424,12,1,4001.89,480.23,3521.66,20240509,1
604,20240425,20,1,71450.77,8574.09,62876.68,20240510,1
605,20240426,15,1,2434.47,292.14,2142.33,20240503,1
606,20240429,30,1,10463.35,1255.6,9207.75,20240429,1
607,20240430,2,1,27107.0,3252.84,23854.16,20240507,1
608,20240501,15,1,15776.86,1893.22,13883.64,20240531,1
609,20240502,18,1,5171.71,620.61,4551.11,20240509,1
610,20240503,22,1,7358.13,882.98,6475.16,20240602,1
611,20240506,11,1,2982.76,357.93,2624.83,20240513,1
612,20240507,25,1,44867.47,5384.1,39483.38,20240507,1
613,20240508,4,1,3518.03,422.16,3095.86,20240515,1
614,20240509,7,1,15037.0,1804.44,13232.56,20240509,1
615,20240510,11,1,5693.94,683.27,5010.67,20240517,1
616,20240513,24,1,2357.73,282.93,2074.81,20240612,1
617,20240514,28,1,16416.47,1969.98,14446.5,20240529,1
618,20240515,1,1,4143.6,497.23,3646.37,20240530,1
619,20240516,3,1,20458.04,2454.96,18003.07,20240523,1
620,20240517,6,1,25197.29,3023.67,22173.61,20240524,1
621,20240520,25,1,20059.29,2407.11,17652.17,20240520,1
622,20240521,6,1,363.8,43.66,320.15,20240528,1
623,20240522,21,1,15805.82,1896.7,13909.12,20240621,1
624,20240523,29,1,5409.83,649.18,4760.65,20240523,1
625,20240524,17,1,21125.33,2535.04,18590.29,20240531,1
626,20240527,28,1,10372.23,1244.67,9127.56,20240527,1
627,20240528,18,1,18311.14,2197.34,16113.8,20240612,1
628,20240529,3,1,7064.77,847.77,6217.0,20240529,1
629,20240530,15,1,7817.81,938.14,6879.67,20240629,1
630,20240531,19,1,1591.98,191.04,1400.94,20240615,1
631,20240603,24,1,31941.54,3832.98,28108.55,20240603,1
632,20240604,29,1,6827.73,819.33,6008.4,20240604,1
633,20240605,22,1,46455.11,5574.61,40880.49,20240705,1
634,20240606,9,1,8478.78,1017.45,7461.32,20240621,1
635,20240607,12,1,1433.09,171.97,1261.12,20240622,1
636,20240610,22,1,17090.7,2050.88,15039.82,20240610,1
637,20240611,7,1,13414.39,1609.73,11804.67,20240618,1
638,20240612,29,1,17509.0,2101.08,15407.92,20240627,1
639,20240613,19,1,35720.65,4286.48,31434.17,20240620,1
640,20240614,9,1,17692.62,2123.11,15569.5,20240614,1
641,20240617,15,1,11159.52,1339.14,9820.37,20240702,1
642,20240618,11,1,22992.0,2759.04,20232.96,20240618,1
643,20240619,14,1,13208.38,1585.01,11623.37,20240626,1
644,20240620,25,1,6192.96,743.16,5449.81,20240720,1
645,20240621,18,1,25603.49,3072.42,22531.07,20240706,1
646,20240624,16,1,2962.76,355.53,2607.23,20240701,1
647,20240625,8,1,14807.95,1776.95,13030.99,20240702,1
648,20240626,6,1,25191.98,3023.04,22168.94,20240726,1
649,20240627,15,1,15518.97,1862.28,13656.69,20240627,1
650,20240628,8,1,14110.34,1693.24,12417.1,20240728,1
651,20240701,1,1,6509.83,781.18,5728.65,20240731,1
652,20240702,8,1,6648.69,797.84,5850.85,20240702,1
653,20240703,5,1,35304.48,4236.54,31067.95,20240718,1
654,20240704,22,1,6257.9,750.95,5506.95,20240711,1
655,20240705,29,1,8843.27,1061.19,7782.08,20240705,1
656,20240708,3,1,8454.02,1014.48,7439.53,20240723,1
657,20240709,5,1,11235.89,1348.31,9887.59,20240808,1
658,20240710,24,1,15302.82,1836.34,13466.48,20240717,1
659,20240711,18,1,2828.64,339.44,2489.2,20240810,1
660,20240712,6,1,8346.92,1001.63,7345.29,20240712,1
661,20240715,24,1,19396.63,2327.6,17069.03,20240722,1
662,20240716,27,1,6900.78,828.09,6072.69,20240815,1
663,20240717,8,1,3621.02,434.52,3186.5,20240801,1
664,20240718,29,1,11798.1,1415.77,10382.32,20240802,1
665,20240719,8,1,19260.42,2311.25,16949.17,20240719,1
666,20240722,6,1,723.64,86.84,636.8,20240729,1
667,20240723,2,1,16638.6,1996.63,14641.96,20240822,1
668,20240724,11,1,19127.78,2295.33,16832.45,20240724,1
669,20240725,22,1,6867.94,824.15,6043.78,20240725,1
670,20240726,6,1,45408.45,5449.01,39959.44,20240825,1
671,20240729,27,1,17142.87,2057.14,15085.72,20240828,1
672,20240730,12,1,16484.2,1978.1,14506.09,20240814,1
673,20240731,29,1,15285.46,1834.26,13451.21,20240815,1
674,20240801,20,1,3736.84,448.42,3288.42,20240831,1
675,20240802,23,1,388.35,46.6,341.75,20240901,1
676,20240805,14,1,30337.44,3640.49,26696.94,20240812,1
677,20240806,11,1,18901.58,2268.19,16633.39,20240821,1
678,20240807,16,1,24164.01,2899.68,21264.32,20240807,1
679,20240808,27,1,36586.7,4390.4,32196.29,20240823,1
680,20240809,24,1,32618.39,3914.21,28704.19,20240908,1
681,20240812,27,1,65135.6,7816.27,57319.33,20240812,1
682,20240813,23,1,15423.91,1850.87,13573.04,20240912,1
683,20240814,9,1,13468.49,1616.22,11852.27,20240829,1
684,20240815,19,1,10325.91,1239.11,9086.8,20240914,1
685,20240816,5,1,3352.48,402.3,2950.18,20240823,1
686,20240819,17,1,17077.76,2049.33,15028.43,20240903,1
687,20240820,23,1,6516.54,781.99,5734.56,20240820,1
688,20240821,8,1,51073.61,6128.83,44944.78,20240905,1
689,20240822,21,1,17581.52,2109.78,15471.74,20240829,1
690,20240823,14,1,18052.09,2166.25,15885.84,20240922,1
691,20240826,28,1,8807.33,1056.88,7750.45,20240910,1
692,20240827,21,1,1072.61,128.71,943.9,20240911,1
693,20240828,12,1,648.08,77.77,570.31,20240828,1
694,20240829,17,1,11059.57,1327.15,9732.42,20240928,1
695,20240830,10,1,1775.1,213.01,1562.09,20240906,1
696,20240902,16,1,14846.87,1781.62,13065.25,20240909,1
697,20240903,29,1,6662.7,799.52,5863.17,20240910,1
698,20240904,8,1,8930.26,1071.63,7858.63,20240919,1
699,20240905,8,1,28925.43,3471.05,25454.38,20240912,1
700,20240906,25,1,27316.99,3278.04,24038.95,20240913,1
701,20240909,14,1,21085.73,2530.29,18555.44,20241009,1
702,20240910,3,1,8836.32,1060.36,7775.96,20240917,1
703,20240911,3,1,16501.43,1980.17,14521.26,20241011,1
704,20240912,27,1,8905.99,1068.72,7837.27,20241012,1
705,20240913,17,1,25224.18,3026.9,22197.28,20240928,1
706,20240916,29,1,6382.37,765.88,5616.48,20241001,1
707,20240917,5,1,43515.07,5221.81,38293.27,20240924,1
708,20240918,20,1,33344.3,4001.32,29342.98,20240918,1
709,20240919,9,1,16755.78,2010.69,14745.08,20241004,1
710,20240920,30,1,4057.44,486.89,3570.54,20240920,1
711,20240923,26,1,1747.87,209.74,1538.13,20241023,1
712,20240924,7,1,23884.26,2866.11,21018.15,20241009,1
713,20240925,22,1,2237.22,268.47,1968.75,20241025,1
714,20240926,13,1,23846.59,2861.59,20985.0,20240926,1
715,20240927,10,1,8355.82,1002.7,7353.12,20241004,1
716,20240930,17,1,6461.0,775.32,5685.68,20241030,1
717,20241001,24,1,6973.48,836.82,6136.66,20241016,1
718,20241002,28,1,8136.95,976.43,7160.51,20241002,1
719,20241003,10,1,7009.39,841.13,6168.26,20241010,1
720,20241004,16,1,854.15,102.5,751.65,20241103,1
721,20241007,1,1,20426.53,2451.18,17975.34,20241022,1
722,20241008,12,1,18329.31,2199.52,16129.8,20241107,1
723,20241009,24,1,21351.97,2562.24,18789.74,20241108,1
724,20241010,18,1,4304.04,516.48,3787.56,20241109,1
725,20241011,6,1,7063.07,847.57,6215.5,20241110,1
726,20241014,27,1,19478.58,2337.43,17141.15,20241014,1
727,20241015,15,1,18446.51,2213.58,16232.93,20241114,1
728,20241016,24,1,14225.2,1707.02,12518.18,20241115,1
729,20241017,24,1,8694.03,1043.28,7650.75,20241101,1
730,20241018,14,1,49192.59,5903.11,43289.48,20241018,1
731,20241021,25,1,8366.53,1003.98,7362.55,20241105,1
732,20241022,2,1,12254.67,1470.56,10784.11,20241106,1
733,20241023,26,1,22843.66,2741.24,20102.42,20241122,1
734,20241024,30,1,15781.56,1893.79,13887.77,20241031,1
735,20241025,10,1,8584.9,1030.19,7554.72,20241025,1
736,20241028,26,1,11528.49,1383.42,10145.07,20241127,1
737,20241029,8,1,31885.11,3826.21,28058.9,20241105,1
738,20241030,19,1,6567.78,788.13,5779.65,20241114,1
739,20241031,24,1,3092.33,371.08,2721.25,20241031,1
740,20241101,29,1,3845.0,461.4,3383.6,20241116,1
741,20241104,13,1,71048.03,8525.76,62522.26,20241104,1
742,20241105,21,1,13340.79,1600.89,11739.9,20241205,1
743,20241106,3,1,2316.79,278.02,2038.78,20241206,1
744,20241107,6,1,18226.15,2187.14,16039.01,20241107,1
745,20241108,22,1,35607.09,4272.85,31334.24,20241115,1
746,20241111,17,1,21349.15,2561.9,18787.26,20241126,1
747,20241112,25,1,1241.72,149.01,1092.71,20241119,1
748,20241113,26,1,35325.7,4239.08,31086.62,20241128,1
749,20241114,5,1,24664.91,2959.79,21705.12,20241121,1
750,20241115,20,1,2691.08,322.93,2368.15,20241122,1
751,20241118,6,1,830.34,99.64,730.7,20241203,1
752,20241119,18,1,12724.69,1526.96,11197.73,20241126,1
753,20241120,4,1,2649.06,317.89,2331.17,20241120,1
754,20241121,25,1,28097.11,3371.65,24725.46,20241128,1
755,20241122,14,1,6928.32,831.4,6096.92,20241122,1
756,20241125,7,1,38110.85,4573.3,33537.55,20241225,1
757,20241126,12,1,13023.03,1562.76,11460.27,20241211,1
758,20241127,15,1,3149.84,377.98,2771.86,20241212,1
759,20241128,11,1,2347.86,281.74,2066.12,20241213,1
760,20241129,12,1,13415.66,1609.88,11805.78,20241214,1
761,20241202,25,1,9819.38,1178.33,8641.06,20241209,1
762,20241203,3,1,24553.33,2946.4,21606.93,20241231,1
763,20241204,16,1,97919.78,11750.37,86169.41,20241211,1
764,20241205,10,1,3437.81,412.54,3025.27,20241220,1
765,20241206,11,1,9976.02,1197.12,8778.9,20241221,1
766,20241209,21,1,9138.23,1096.59,8041.64,20241209,1
767,20241210,22,1,5884.96,706.2,5178.77,20241210,1
768,20241211,7,1,3577.94,429.35,3148.59,20241226,1
769,20241212,17,1,1101.25,132.15,969.1,20241231,1
770,20241213,30,1,35354.21,4242.51,31111.71,20241231,1
771,20241216,2,1,8824.14,1058.9,7765.24,20241231,1
772,20241217,25,1,11133.48,1336.02,9797.46,20241224,1
773,20241218,18,1,40326.39,4839.17,35487.22,20241225,1
774,20241219,27,1,24268.39,2912.21,21356.18,20241231,1
775,20241220,16,1,2266.35,271.96,1994.39,20241220,1
776,20241223,19,1,13506.46,1620.78,11885.69,20241230,1
777,20241224,3,1,9462.4,1135.49,8326.91,20241224,1
778,20241225,27,1,25859.63,3103.16,22756.47,20241231,1
779,20241226,16,1,20877.74,2505.33,18372.41,20241231,1
780,20241227,25,1,19002.52,2280.3,16722.22,20241231,1
781,20241230,11,1,6747.62,809.71,5937.91,20241231,1
782,20241231,15,1,26491.38,3178.97,23312.41,20241231,1
