txn_id,date_id,account_id,txn_direction,source_type,source_id,amount,other_type
1,20220118,1,INFLOW,INVOICE,1,23118.03,
2,20220111,1,INFLOW,INVOICE,2,26120.11,
3,20220204,1,INFLOW,INVOICE,3,1362.11,
4,20220121,1,INFLOW,INVOICE,4,7859.55,
5,20220107,1,INFLOW,INVOICE,5,2180.49,
6,20220110,1,INFLOW,INVOICE,6,35208.85,
7,20220118,1,INFLOW,INVOICE,7,17286.36,
8,20220127,1,INFLOW,INVOICE,8,7114.59,
9,20220113,1,INFLOW,INVOICE,9,1162.72,
10,20220129,1,INFLOW,INVOICE,10,6595.27,
11,20220216,1,INFLOW,INVOICE,11,6964.01,
12,20220217,1,INFLOW,INVOICE,12,23157.21,
13,20220203,1,INFLOW,INVOICE,13,17969.6,
14,20220127,1,INFLOW,INVOICE,14,38638.89,
15,20220128,1,INFLOW,INVOICE,15,11315.29,
16,20220124,1,INFLOW,INVOICE,16,2255.25,
17,20220125,1,INFLOW,INVOICE,17,22117.0,
18,20220202,1,INFLOW,INVOICE,18,25326.5,
19,20220226,1,INFLOW,INVOICE,19,14587.73,
20,20220227,1,INFLOW,INVOICE,20,26096.66,
21,20220207,1,INFLOW,INVOICE,21,12054.49,
22,20220202,1,OUTFLOW,BILL,1,47891.59,
23,20220104,1,OUTFLOW,BILL,2,8741.7,
24,20220204,1,OUTFLOW,BILL,3,2903.15,
25,20220113,1,OUTFLOW,BILL,4,9821.86,
26,20220122,1,OUTFLOW,BILL,5,52915.65,
27,20220110,1,OUTFLOW,BILL,6,7082.05,
28,20220111,1,OUTFLOW,BILL,7,23260.29,
29,20220211,1,OUTFLOW,BILL,8,11.61,
30,20220128,1,OUTFLOW,BILL,9,9693.07,
31,20220129,1,OUTFLOW,BILL,10,8105.28,
32,20220124,1,OUTFLOW,BILL,11,4011.33,
33,20220217,1,OUTFLOW,BILL,12,17028.91,
34,20220218,1,OUTFLOW,BILL,13,14788.08,
35,20220219,1,OUTFLOW,BILL,14,26288.72,
36,20220220,1,OUTFLOW,BILL,15,6998.88,
37,20220208,1,OUTFLOW,BILL,16,6240.23,
38,20220209,1,OUTFLOW,BILL,17,4108.56,
39,20220225,1,OUTFLOW,BILL,18,5504.43,
40,20220127,1,OUTFLOW,BILL,19,18208.7,
41,20220128,1,OUTFLOW,BILL,20,11532.44,
42,20220131,1,OUTFLOW,BILL,21,1495.92,
43,20220201,1,INFLOW,INVOICE,22,26181.72,
44,20220202,1,INFLOW,INVOICE,23,12480.65,
45,20220210,1,INFLOW,INVOICE,24,11620.19,
46,20220211,1,INFLOW,INVOICE,25,4265.48,
47,20220214,1,INFLOW,INVOICE,26,1505.54,
48,20220310,1,INFLOW,INVOICE,27,35049.84,
49,20220209,1,INFLOW,INVOICE,28,35537.44,
50,20220210,1,INFLOW,INVOICE,29,15446.82,
51,20220211,1,INFLOW,INVOICE,30,6378.67,
52,20220214,1,INFLOW,INVOICE,31,6617.78,
53,20220317,1,INFLOW,INVOICE,32,19942.13,
54,20220318,1,INFLOW,INVOICE,33,35034.03,
55,20220304,1,INFLOW,INVOICE,34,33601.84,
56,20220218,1,INFLOW,INVOICE,35,23317.46,
57,20220323,1,INFLOW,INVOICE,36,15826.43,
58,20220309,1,INFLOW,INVOICE,37,1354.03,
59,20220302,1,INFLOW,INVOICE,38,2715.93,
60,20220303,1,INFLOW,INVOICE,39,35251.76,
61,20220304,1,INFLOW,INVOICE,40,14365.71,
62,20220307,1,INFLOW,INVOICE,41,142.34,
63,20220216,1,OUTFLOW,BILL,22,4915.51,
64,20220304,1,OUTFLOW,BILL,23,21911.23,
65,20220305,1,OUTFLOW,BILL,24,9816.84,
66,20220306,1,OUTFLOW,BILL,25,15589.71,
67,20220214,1,OUTFLOW,BILL,26,6874.75,
68,20220310,1,OUTFLOW,BILL,27,8466.58,
69,20220216,1,OUTFLOW,BILL,28,6676.49,
70,20220217,1,OUTFLOW,BILL,29,2138.06,
71,20220313,1,OUTFLOW,BILL,30,12616.48,
72,20220301,1,OUTFLOW,BILL,31,3244.06,
73,20220302,1,OUTFLOW,BILL,32,242.3,
74,20220223,1,OUTFLOW,BILL,33,10206.96,
75,20220217,1,OUTFLOW,BILL,34,1918.75,
76,20220218,1,OUTFLOW,BILL,35,27768.14,
77,20220323,1,OUTFLOW,BILL,36,30292.68,
78,20220324,1,OUTFLOW,BILL,37,24248.52,
79,20220310,1,OUTFLOW,BILL,38,4550.33,
80,20220303,1,OUTFLOW,BILL,39,153.33,
81,20220304,1,OUTFLOW,BILL,40,25941.66,
82,20220307,1,OUTFLOW,BILL,41,5501.67,
83,20220308,1,INFLOW,INVOICE,42,1817.31,
84,20220317,1,INFLOW,INVOICE,43,9878.36,
85,20220402,1,INFLOW,INVOICE,44,19654.29,
86,20220311,1,INFLOW,INVOICE,45,3251.33,
87,20220307,1,INFLOW,INVOICE,46,13042.07,
88,20220308,1,INFLOW,INVOICE,47,1193.06,
89,20220309,1,INFLOW,INVOICE,48,709.66,
90,20220310,1,INFLOW,INVOICE,49,10135.87,
91,20220410,1,INFLOW,INVOICE,50,10403.36,
92,20220321,1,INFLOW,INVOICE,51,13567.89,
93,20220330,1,INFLOW,INVOICE,52,17318.12,
94,20220415,1,INFLOW,INVOICE,53,49796.88,
95,20220416,1,INFLOW,INVOICE,54,9713.03,
96,20220318,1,INFLOW,INVOICE,55,5215.92,
97,20220321,1,INFLOW,INVOICE,56,21205.7,
98,20220329,1,INFLOW,INVOICE,57,4224.03,
99,20220323,1,INFLOW,INVOICE,58,7729.64,
100,20220324,1,INFLOW,INVOICE,59,1092.68,
101,20220401,1,INFLOW,INVOICE,60,343.4,
102,20220427,1,INFLOW,INVOICE,61,43963.68,
103,20220428,1,INFLOW,INVOICE,62,24176.13,
104,20220406,1,INFLOW,INVOICE,63,15923.02,
105,20220430,1,INFLOW,INVOICE,64,7032.57,
106,20220301,1,OUTFLOW,BILL,42,16176.33,
107,20220302,1,OUTFLOW,BILL,43,4181.39,
108,20220310,1,OUTFLOW,BILL,44,6146.28,
109,20220304,1,OUTFLOW,BILL,45,10319.63,
110,20220322,1,OUTFLOW,BILL,46,484.44,
111,20220315,1,OUTFLOW,BILL,47,29299.22,
112,20220309,1,OUTFLOW,BILL,48,21418.19,
113,20220310,1,OUTFLOW,BILL,49,2973.54,
114,20220318,1,OUTFLOW,BILL,50,151.7,
115,20220314,1,OUTFLOW,BILL,51,26651.43,
116,20220322,1,OUTFLOW,BILL,52,6838.23,
117,20220316,1,OUTFLOW,BILL,53,7624.59,
118,20220317,1,OUTFLOW,BILL,54,11330.01,
119,20220417,1,OUTFLOW,BILL,55,9410.3,
120,20220321,1,OUTFLOW,BILL,56,28332.14,
121,20220406,1,OUTFLOW,BILL,57,28395.45,
122,20220323,1,OUTFLOW,BILL,58,19857.82,
123,20220324,1,OUTFLOW,BILL,59,9951.13,
124,20220325,1,OUTFLOW,BILL,60,15877.14,
125,20220404,1,OUTFLOW,BILL,61,11120.76,
126,20220405,1,OUTFLOW,BILL,62,8378.56,
127,20220330,1,OUTFLOW,BILL,63,1352.83,
128,20220331,1,OUTFLOW,BILL,64,16397.4,
129,20220401,1,INFLOW,INVOICE,65,41829.34,
130,20220411,1,INFLOW,INVOICE,66,41982.55,
131,20220412,1,INFLOW,INVOICE,67,11891.5,
132,20220506,1,INFLOW,INVOICE,68,13946.45,
133,20220407,1,INFLOW,INVOICE,69,8304.74,
134,20220423,1,INFLOW,INVOICE,70,4843.47,
135,20220418,1,INFLOW,INVOICE,71,5561.75,
136,20220412,1,INFLOW,INVOICE,72,15580.75,
137,20220420,1,INFLOW,INVOICE,73,19481.99,
138,20220514,1,INFLOW,INVOICE,74,21887.62,
139,20220415,1,INFLOW,INVOICE,75,21756.92,
140,20220425,1,INFLOW,INVOICE,76,1334.82,
141,20220419,1,INFLOW,INVOICE,77,9519.5,
142,20220420,1,INFLOW,INVOICE,78,827.41,
143,20220521,1,INFLOW,INVOICE,79,11130.33,
144,20220429,1,INFLOW,INVOICE,80,8130.84,
145,20220510,1,INFLOW,INVOICE,81,30519.07,
146,20220426,1,INFLOW,INVOICE,82,6032.18,
147,20220504,1,INFLOW,INVOICE,83,1737.75,
148,20220513,1,INFLOW,INVOICE,84,2153.7,
149,20220506,1,INFLOW,INVOICE,85,20006.68,
150,20220416,1,OUTFLOW,BILL,65,5045.1,
151,20220504,1,OUTFLOW,BILL,66,7173.43,
152,20220505,1,OUTFLOW,BILL,67,3682.67,
153,20220421,1,OUTFLOW,BILL,68,6538.78,
154,20220414,1,OUTFLOW,BILL,69,10665.28,
155,20220415,1,OUTFLOW,BILL,70,17001.31,
156,20220426,1,OUTFLOW,BILL,71,18344.56,
157,20220512,1,OUTFLOW,BILL,72,21778.84,
158,20220513,1,OUTFLOW,BILL,73,17159.62,
159,20220514,1,OUTFLOW,BILL,74,14381.71,
160,20220422,1,OUTFLOW,BILL,75,3412.8,
161,20220425,1,OUTFLOW,BILL,76,6433.86,
162,20220519,1,OUTFLOW,BILL,77,8175.04,
163,20220420,1,OUTFLOW,BILL,78,1089.05,
164,20220506,1,OUTFLOW,BILL,79,9459.04,
165,20220422,1,OUTFLOW,BILL,80,7215.43,
166,20220425,1,OUTFLOW,BILL,81,20389.6,
167,20220426,1,OUTFLOW,BILL,82,47979.91,
168,20220512,1,OUTFLOW,BILL,83,10218.99,
169,20220505,1,OUTFLOW,BILL,84,4903.71,
170,20220514,1,OUTFLOW,BILL,85,558.44,
171,20220509,1,INFLOW,INVOICE,86,17296.05,
172,20220518,1,INFLOW,INVOICE,87,398.1,
173,20220504,1,INFLOW,INVOICE,88,229.89,
174,20220505,1,INFLOW,INVOICE,89,4063.76,
175,20220506,1,INFLOW,INVOICE,90,14312.89,
176,20220509,1,INFLOW,INVOICE,91,37547.26,
177,20220609,1,INFLOW,INVOICE,92,1402.42,
178,20220511,1,INFLOW,INVOICE,93,7757.82,
179,20220611,1,INFLOW,INVOICE,94,4125.07,
180,20220612,1,INFLOW,INVOICE,95,30143.52,
181,20220531,1,INFLOW,INVOICE,96,15880.98,
182,20220524,1,INFLOW,INVOICE,97,15676.88,
183,20220525,1,INFLOW,INVOICE,98,5440.87,
184,20220603,1,INFLOW,INVOICE,99,4609.96,
185,20220527,1,INFLOW,INVOICE,100,2747.8,
186,20220523,1,INFLOW,INVOICE,101,499.22,
187,20220623,1,INFLOW,INVOICE,102,17210.31,
188,20220601,1,INFLOW,INVOICE,103,14420.17,
189,20220610,1,INFLOW,INVOICE,104,70310.16,
190,20220527,1,INFLOW,INVOICE,105,48994.82,
191,20220614,1,INFLOW,INVOICE,106,6974.29,
192,20220615,1,INFLOW,INVOICE,107,12606.3,
193,20220502,1,OUTFLOW,BILL,86,16670.31,
194,20220503,1,OUTFLOW,BILL,87,11473.24,
195,20220511,1,OUTFLOW,BILL,88,14426.46,
196,20220604,1,OUTFLOW,BILL,89,2837.29,
197,20220521,1,OUTFLOW,BILL,90,1737.01,
198,20220524,1,OUTFLOW,BILL,91,173.59,
199,20220609,1,OUTFLOW,BILL,92,5114.47,
200,20220610,1,OUTFLOW,BILL,93,10560.95,
201,20220611,1,OUTFLOW,BILL,94,5899.91,
202,20220513,1,OUTFLOW,BILL,95,6816.18,
203,20220531,1,OUTFLOW,BILL,96,27783.44,
204,20220524,1,OUTFLOW,BILL,97,5072.01,
205,20220518,1,OUTFLOW,BILL,98,8548.37,
206,20220519,1,OUTFLOW,BILL,99,18137.22,
207,20220619,1,OUTFLOW,BILL,100,5984.01,
208,20220530,1,OUTFLOW,BILL,101,11528.82,
209,20220531,1,OUTFLOW,BILL,102,23495.53,
210,20220601,1,OUTFLOW,BILL,103,35379.31,
211,20220526,1,OUTFLOW,BILL,104,1884.74,
212,20220527,1,OUTFLOW,BILL,105,30942.04,
213,20220530,1,OUTFLOW,BILL,106,8026.81,
214,20220531,1,OUTFLOW,BILL,107,3539.31,
215,20220601,1,INFLOW,INVOICE,108,14610.15,
216,20220602,1,INFLOW,INVOICE,109,21231.93,
217,20220610,1,INFLOW,INVOICE,110,10148.81,
218,20220606,1,INFLOW,INVOICE,111,13689.19,
219,20220614,1,INFLOW,INVOICE,112,30342.62,
220,20220708,1,INFLOW,INVOICE,113,823.99,
221,20220616,1,INFLOW,INVOICE,114,6414.47,
222,20220625,1,INFLOW,INVOICE,115,27548.36,
223,20220713,1,INFLOW,INVOICE,116,49734.36,
224,20220714,1,INFLOW,INVOICE,117,15803.3,
225,20220622,1,INFLOW,INVOICE,118,16745.84,
226,20220616,1,INFLOW,INVOICE,119,2499.35,
227,20220717,1,INFLOW,INVOICE,120,13077.42,
228,20220720,1,INFLOW,INVOICE,121,16769.59,
229,20220706,1,INFLOW,INVOICE,122,6122.47,
230,20220707,1,INFLOW,INVOICE,123,6915.79,
231,20220630,1,INFLOW,INVOICE,124,10443.2,
232,20220624,1,INFLOW,INVOICE,125,447.02,
233,20220627,1,INFLOW,INVOICE,126,8570.47,
234,20220628,1,INFLOW,INVOICE,127,5237.57,
235,20220706,1,INFLOW,INVOICE,128,8747.39,
236,20220730,1,INFLOW,INVOICE,129,2812.47,
237,20220608,1,OUTFLOW,BILL,108,1622.62,
238,20220702,1,OUTFLOW,BILL,109,1912.81,
239,20220603,1,OUTFLOW,BILL,110,3108.84,
240,20220606,1,OUTFLOW,BILL,111,1763.77,
241,20220707,1,OUTFLOW,BILL,112,21034.81,
242,20220623,1,OUTFLOW,BILL,113,774.75,
243,20220624,1,OUTFLOW,BILL,114,6886.5,
244,20220617,1,OUTFLOW,BILL,115,4893.89,
245,20220620,1,OUTFLOW,BILL,116,37411.44,
246,20220621,1,OUTFLOW,BILL,117,1100.74,
247,20220615,1,OUTFLOW,BILL,118,4698.92,
248,20220616,1,OUTFLOW,BILL,119,32320.45,
249,20220617,1,OUTFLOW,BILL,120,18584.58,
250,20220705,1,OUTFLOW,BILL,121,15735.34,
251,20220621,1,OUTFLOW,BILL,122,2763.03,
252,20220629,1,OUTFLOW,BILL,123,1735.95,
253,20220708,1,OUTFLOW,BILL,124,10231.94,
254,20220724,1,OUTFLOW,BILL,125,24551.5,
255,20220627,1,OUTFLOW,BILL,126,7537.14,
256,20220713,1,OUTFLOW,BILL,127,7852.81,
257,20220706,1,OUTFLOW,BILL,128,3042.79,
258,20220630,1,OUTFLOW,BILL,129,13593.75,
259,20220716,1,INFLOW,INVOICE,130,11482.28,
260,20220704,1,INFLOW,INVOICE,131,6893.02,
261,20220804,1,INFLOW,INVOICE,132,32524.92,
262,20220721,1,INFLOW,INVOICE,133,7728.19,
263,20220806,1,INFLOW,INVOICE,134,26304.06,
264,20220715,1,INFLOW,INVOICE,135,8968.3,
265,20220711,1,INFLOW,INVOICE,136,7337.48,
266,20220712,1,INFLOW,INVOICE,137,9633.41,
267,20220728,1,INFLOW,INVOICE,138,5562.13,
268,20220721,1,INFLOW,INVOICE,139,21352.05,
269,20220722,1,INFLOW,INVOICE,140,10834.43,
270,20220725,1,INFLOW,INVOICE,141,4098.06,
271,20220803,1,INFLOW,INVOICE,142,35644.29,
272,20220720,1,INFLOW,INVOICE,143,7511.36,
273,20220728,1,INFLOW,INVOICE,144,12163.21,
274,20220806,1,INFLOW,INVOICE,145,36747.83,
275,20220824,1,INFLOW,INVOICE,146,15179.92,
276,20220825,1,INFLOW,INVOICE,147,1927.96,
277,20220826,1,INFLOW,INVOICE,148,43589.05,
278,20220728,1,INFLOW,INVOICE,149,15323.8,
279,20220729,1,INFLOW,INVOICE,150,6324.86,
280,20220731,1,OUTFLOW,BILL,130,10074.31,
281,20220803,1,OUTFLOW,BILL,131,7951.81,
282,20220720,1,OUTFLOW,BILL,132,22347.84,
283,20220805,1,OUTFLOW,BILL,133,185.66,
284,20220714,1,OUTFLOW,BILL,134,13796.87,
285,20220807,1,OUTFLOW,BILL,135,12604.9,
286,20220726,1,OUTFLOW,BILL,136,19044.1,
287,20220712,1,OUTFLOW,BILL,137,13818.97,
288,20220812,1,OUTFLOW,BILL,138,26512.42,
289,20220729,1,OUTFLOW,BILL,139,48328.22,
290,20220730,1,OUTFLOW,BILL,140,6341.13,
291,20220718,1,OUTFLOW,BILL,141,3900.28,
292,20220726,1,OUTFLOW,BILL,142,8331.12,
293,20220720,1,OUTFLOW,BILL,143,5134.91,
294,20220805,1,OUTFLOW,BILL,144,14431.63,
295,20220729,1,OUTFLOW,BILL,145,36726.05,
296,20220801,1,OUTFLOW,BILL,146,2265.13,
297,20220810,1,OUTFLOW,BILL,147,1606.56,
298,20220811,1,OUTFLOW,BILL,148,4471.94,
299,20220804,1,OUTFLOW,BILL,149,19581.89,
300,20220828,1,OUTFLOW,BILL,150,13591.91,
301,20220808,1,INFLOW,INVOICE,151,11813.73,
302,20220809,1,INFLOW,INVOICE,152,13601.46,
303,20220803,1,INFLOW,INVOICE,153,179.21,
304,20220811,1,INFLOW,INVOICE,154,14809.86,
305,20220820,1,INFLOW,INVOICE,155,2665.64,
306,20220808,1,INFLOW,INVOICE,156,44133.08,
307,20220809,1,INFLOW,INVOICE,157,2188.26,
308,20220825,1,INFLOW,INVOICE,158,7280.75,
309,20220910,1,INFLOW,INVOICE,159,1212.96,
310,20220819,1,INFLOW,INVOICE,160,78423.71,
311,20220822,1,INFLOW,INVOICE,161,9483.95,
312,20220915,1,INFLOW,INVOICE,162,12302.06,
313,20220901,1,INFLOW,INVOICE,163,944.01,
314,20220917,1,INFLOW,INVOICE,164,18846.12,
315,20220903,1,INFLOW,INVOICE,165,3203.29,
316,20220921,1,INFLOW,INVOICE,166,31044.29,
317,20220823,1,INFLOW,INVOICE,167,3121.52,
318,20220908,1,INFLOW,INVOICE,168,2876.54,
319,20220909,1,INFLOW,INVOICE,169,506.24,
320,20220910,1,INFLOW,INVOICE,170,8685.03,
321,20220928,1,INFLOW,INVOICE,171,11312.6,
322,20220830,1,INFLOW,INVOICE,172,924.09,
323,20220831,1,INFLOW,INVOICE,173,20312.69,
324,20220816,1,OUTFLOW,BILL,151,3123.37,
325,20220817,1,OUTFLOW,BILL,152,16796.96,
326,20220803,1,OUTFLOW,BILL,153,4320.31,
327,20220903,1,OUTFLOW,BILL,154,1663.34,
328,20220805,1,OUTFLOW,BILL,155,4424.66,
329,20220907,1,OUTFLOW,BILL,156,20344.63,
330,20220908,1,OUTFLOW,BILL,157,30742.35,
331,20220817,1,OUTFLOW,BILL,158,28160.39,
332,20220826,1,OUTFLOW,BILL,159,8037.87,
333,20220827,1,OUTFLOW,BILL,160,17514.41,
334,20220815,1,OUTFLOW,BILL,161,3642.92,
335,20220816,1,OUTFLOW,BILL,162,5509.53,
336,20220824,1,OUTFLOW,BILL,163,35995.07,
337,20220917,1,OUTFLOW,BILL,164,207.83,
338,20220826,1,OUTFLOW,BILL,165,1419.53,
339,20220829,1,OUTFLOW,BILL,166,3700.99,
340,20220830,1,OUTFLOW,BILL,167,427.04,
341,20220831,1,OUTFLOW,BILL,168,3179.35,
342,20220825,1,OUTFLOW,BILL,169,13891.9,
343,20220902,1,OUTFLOW,BILL,170,8689.68,
344,20220829,1,OUTFLOW,BILL,171,35443.45,
345,20220830,1,OUTFLOW,BILL,172,27008.17,
346,20220915,1,OUTFLOW,BILL,173,6642.45,
347,20220908,1,INFLOW,INVOICE,174,22290.3,
348,20220917,1,INFLOW,INVOICE,175,3929.71,
349,20220920,1,INFLOW,INVOICE,176,50098.31,
350,20221006,1,INFLOW,INVOICE,177,11058.38,
351,20220907,1,INFLOW,INVOICE,178,9845.8,
352,20220923,1,INFLOW,INVOICE,179,14912.39,
353,20220924,1,INFLOW,INVOICE,180,980.37,
354,20220912,1,INFLOW,INVOICE,181,3706.34,
355,20220920,1,INFLOW,INVOICE,182,27299.81,
356,20220914,1,INFLOW,INVOICE,183,1761.41,
357,20221015,1,INFLOW,INVOICE,184,18835.24,
358,20220916,1,INFLOW,INVOICE,185,5736.97,
359,20220919,1,INFLOW,INVOICE,186,10050.24,
360,20221020,1,INFLOW,INVOICE,187,6942.49,
361,20220921,1,INFLOW,INVOICE,188,8958.0,
362,20221007,1,INFLOW,INVOICE,189,25873.71,
363,20220930,1,INFLOW,INVOICE,190,7185.41,
364,20221026,1,INFLOW,INVOICE,191,17030.42,
365,20221012,1,INFLOW,INVOICE,192,13172.81,
366,20221005,1,INFLOW,INVOICE,193,22207.39,
367,20221029,1,INFLOW,INVOICE,194,56287.97,
368,20220930,1,INFLOW,INVOICE,195,26879.29,
369,20220908,1,OUTFLOW,BILL,174,1016.29,
370,20220909,1,OUTFLOW,BILL,175,26374.77,
371,20220905,1,OUTFLOW,BILL,176,1556.76,
372,20221006,1,OUTFLOW,BILL,177,31747.6,
373,20220907,1,OUTFLOW,BILL,178,6249.03,
374,20220923,1,OUTFLOW,BILL,179,2166.21,
375,20220924,1,OUTFLOW,BILL,180,8260.11,
376,20220912,1,OUTFLOW,BILL,181,21829.7,
377,20221013,1,OUTFLOW,BILL,182,13941.35,
378,20220929,1,OUTFLOW,BILL,183,17382.08,
379,20221015,1,OUTFLOW,BILL,184,11376.88,
380,20221001,1,OUTFLOW,BILL,185,12470.05,
381,20221004,1,OUTFLOW,BILL,186,20016.47,
382,20220920,1,OUTFLOW,BILL,187,3039.22,
383,20220928,1,OUTFLOW,BILL,188,7112.6,
384,20220922,1,OUTFLOW,BILL,189,2645.34,
385,20220930,1,OUTFLOW,BILL,190,46508.54,
386,20221011,1,OUTFLOW,BILL,191,30509.36,
387,20221004,1,OUTFLOW,BILL,192,425.61,
388,20220928,1,OUTFLOW,BILL,193,12937.48,
389,20221029,1,OUTFLOW,BILL,194,27442.2,
390,20221007,1,OUTFLOW,BILL,195,2107.2,
391,20221018,1,INFLOW,INVOICE,196,15199.37,
392,20221011,1,INFLOW,INVOICE,197,5543.01,
393,20221104,1,INFLOW,INVOICE,198,8881.7,
394,20221105,1,INFLOW,INVOICE,199,1681.66,
395,20221014,1,INFLOW,INVOICE,200,7169.19,
396,20221017,1,INFLOW,INVOICE,201,12925.09,
397,20221026,1,INFLOW,INVOICE,202,23040.78,
398,20221111,1,INFLOW,INVOICE,203,58.61,
399,20221112,1,INFLOW,INVOICE,204,11012.04,
400,20221014,1,INFLOW,INVOICE,205,6161.58,
401,20221017,1,INFLOW,INVOICE,206,33502.26,
402,20221018,1,INFLOW,INVOICE,207,21981.69,
403,20221026,1,INFLOW,INVOICE,208,15551.18,
404,20221027,1,INFLOW,INVOICE,209,5677.46,
405,20221028,1,INFLOW,INVOICE,210,42167.74,
406,20221024,1,INFLOW,INVOICE,211,806.9,
407,20221109,1,INFLOW,INVOICE,212,2027.08,
408,20221102,1,INFLOW,INVOICE,213,8689.31,
409,20221027,1,INFLOW,INVOICE,214,2323.5,
410,20221112,1,INFLOW,INVOICE,215,54779.97,
411,20221031,1,INFLOW,INVOICE,216,27965.32,
412,20221102,1,OUTFLOW,BILL,196,7637.42,
413,20221019,1,OUTFLOW,BILL,197,9510.79,
414,20221104,1,OUTFLOW,BILL,198,7785.44,
415,20221013,1,OUTFLOW,BILL,199,3152.01,
416,20221106,1,OUTFLOW,BILL,200,7572.23,
417,20221017,1,OUTFLOW,BILL,201,7065.64,
418,20221011,1,OUTFLOW,BILL,202,58655.76,
419,20221012,1,OUTFLOW,BILL,203,23813.82,
420,20221112,1,OUTFLOW,BILL,204,6509.24,
421,20221021,1,OUTFLOW,BILL,205,10199.35,
422,20221116,1,OUTFLOW,BILL,206,14408.08,
423,20221102,1,OUTFLOW,BILL,207,371.1,
424,20221019,1,OUTFLOW,BILL,208,23560.51,
425,20221119,1,OUTFLOW,BILL,209,20569.47,
426,20221105,1,OUTFLOW,BILL,210,6393.96,
427,20221024,1,OUTFLOW,BILL,211,5189.02,
428,20221025,1,OUTFLOW,BILL,212,3333.47,
429,20221102,1,OUTFLOW,BILL,213,6771.61,
430,20221126,1,OUTFLOW,BILL,214,474.67,
431,20221028,1,OUTFLOW,BILL,215,19992.57,
432,20221115,1,OUTFLOW,BILL,216,377.14,
433,20221201,1,INFLOW,INVOICE,217,15775.1,
434,20221109,1,INFLOW,INVOICE,218,2031.9,
435,20221118,1,INFLOW,INVOICE,219,19750.68,
436,20221204,1,INFLOW,INVOICE,220,20690.04,
437,20221107,1,INFLOW,INVOICE,221,8210.62,
438,20221115,1,INFLOW,INVOICE,222,74.27,
439,20221116,1,INFLOW,INVOICE,223,3922.47,
440,20221210,1,INFLOW,INVOICE,224,11124.52,
441,20221118,1,INFLOW,INVOICE,225,46063.74,
442,20221121,1,INFLOW,INVOICE,226,11584.05,
443,20221115,1,INFLOW,INVOICE,227,3487.85,
444,20221216,1,INFLOW,INVOICE,228,11653.28,
445,20221202,1,INFLOW,INVOICE,229,9002.49,
446,20221118,1,INFLOW,INVOICE,230,17546.23,
447,20221206,1,INFLOW,INVOICE,231,1311.79,
448,20221207,1,INFLOW,INVOICE,232,16595.35,
449,20221130,1,INFLOW,INVOICE,233,9034.82,
450,20221209,1,INFLOW,INVOICE,234,38220.1,
451,20221210,1,INFLOW,INVOICE,235,4850.3,
452,20221213,1,INFLOW,INVOICE,236,11609.53,
453,20221206,1,INFLOW,INVOICE,237,31171.58,
454,20221207,1,INFLOW,INVOICE,238,1253.9,
455,20221108,1,OUTFLOW,BILL,217,47870.56,
456,20221202,1,OUTFLOW,BILL,218,4543.99,
457,20221203,1,OUTFLOW,BILL,219,4911.48,
458,20221119,1,OUTFLOW,BILL,220,1461.73,
459,20221122,1,OUTFLOW,BILL,221,12956.99,
460,20221108,1,OUTFLOW,BILL,222,9679.04,
461,20221209,1,OUTFLOW,BILL,223,2040.7,
462,20221117,1,OUTFLOW,BILL,224,703.33,
463,20221126,1,OUTFLOW,BILL,225,9334.33,
464,20221114,1,OUTFLOW,BILL,226,8694.58,
465,20221215,1,OUTFLOW,BILL,227,2611.22,
466,20221201,1,OUTFLOW,BILL,228,24650.21,
467,20221217,1,OUTFLOW,BILL,229,1339.73,
468,20221125,1,OUTFLOW,BILL,230,4632.2,
469,20221128,1,OUTFLOW,BILL,231,23524.64,
470,20221129,1,OUTFLOW,BILL,232,4452.49,
471,20221123,1,OUTFLOW,BILL,233,8324.56,
472,20221201,1,OUTFLOW,BILL,234,4146.26,
473,20221210,1,OUTFLOW,BILL,235,2621.98,
474,20221128,1,OUTFLOW,BILL,236,33817.82,
475,20221129,1,OUTFLOW,BILL,237,4307.26,
476,20221215,1,OUTFLOW,BILL,238,18368.11,
477,20221216,1,INFLOW,INVOICE,239,20335.17,
478,20221209,1,INFLOW,INVOICE,240,25604.73,
479,20230104,1,INFLOW,INVOICE,241,17324.0,
480,20221213,1,INFLOW,INVOICE,242,207.4,
481,20221214,1,INFLOW,INVOICE,243,8347.67,
482,20221215,1,INFLOW,INVOICE,244,15402.53,
483,20221224,1,INFLOW,INVOICE,245,1942.58,
484,20221227,1,INFLOW,INVOICE,246,9119.43,
485,20230112,1,INFLOW,INVOICE,247,713.23,
486,20221221,1,INFLOW,INVOICE,248,1728.59,
487,20221222,1,INFLOW,INVOICE,249,10681.69,
488,20221231,1,INFLOW,INVOICE,250,3007.55,
489,20230103,1,INFLOW,INVOICE,251,17705.99,
490,20230119,1,INFLOW,INVOICE,252,24701.45,
491,20221228,1,INFLOW,INVOICE,253,34056.8,
492,20221229,1,INFLOW,INVOICE,254,4717.23,
493,20230122,1,INFLOW,INVOICE,255,3871.71,
494,20230125,1,INFLOW,INVOICE,256,2332.91,
495,20221227,1,INFLOW,INVOICE,257,21371.03,
496,20230112,1,INFLOW,INVOICE,258,25891.39,
497,20230113,1,INFLOW,INVOICE,259,677.93,
498,20230106,1,INFLOW,INVOICE,260,58132.19,
499,20221208,1,OUTFLOW,BILL,239,3751.67,
500,20221209,1,OUTFLOW,BILL,240,1835.89,
501,20230104,1,OUTFLOW,BILL,241,14238.85,
502,20221213,1,OUTFLOW,BILL,242,9817.13,
503,20230106,1,OUTFLOW,BILL,243,6296.98,
504,20221223,1,OUTFLOW,BILL,244,7401.53,
505,20221216,1,OUTFLOW,BILL,245,11598.82,
506,20221227,1,OUTFLOW,BILL,246,2368.49,
507,20221213,1,OUTFLOW,BILL,247,51218.42,
508,20221214,1,OUTFLOW,BILL,248,33611.87,
509,20221215,1,OUTFLOW,BILL,249,9595.55,
510,20221223,1,OUTFLOW,BILL,250,2032.54,
511,20221226,1,OUTFLOW,BILL,251,10411.91,
512,20221227,1,OUTFLOW,BILL,252,684.33,
513,20221221,1,OUTFLOW,BILL,253,284.3,
514,20221222,1,OUTFLOW,BILL,254,2721.16,
515,20230122,1,OUTFLOW,BILL,255,5671.52,
516,20230102,1,OUTFLOW,BILL,256,18510.89,
517,20230103,1,OUTFLOW,BILL,257,11861.68,
518,20221228,1,OUTFLOW,BILL,258,12397.13,
519,20230113,1,OUTFLOW,BILL,259,5061.39,
520,20230114,1,OUTFLOW,BILL,260,3877.01,
521,20230117,1,INFLOW,INVOICE,261,49883.95,
522,20230202,1,INFLOW,INVOICE,262,8617.74,
523,20230111,1,INFLOW,INVOICE,263,3836.88,
524,20230105,1,INFLOW,INVOICE,264,1087.82,
525,20230205,1,INFLOW,INVOICE,265,2651.05,
526,20230109,1,INFLOW,INVOICE,266,10452.4,
527,20230125,1,INFLOW,INVOICE,267,5856.57,
528,20230118,1,INFLOW,INVOICE,268,25157.22,
529,20230112,1,INFLOW,INVOICE,269,8032.44,
530,20230113,1,INFLOW,INVOICE,270,4075.08,
531,20230116,1,INFLOW,INVOICE,271,13681.48,
532,20230124,1,INFLOW,INVOICE,272,17482.31,
533,20230125,1,INFLOW,INVOICE,273,2604.51,
534,20230119,1,INFLOW,INVOICE,274,2614.39,
535,20230219,1,INFLOW,INVOICE,275,532.39,
536,20230207,1,INFLOW,INVOICE,276,19000.05,
537,20230131,1,INFLOW,INVOICE,277,15533.47,
538,20230201,1,INFLOW,INVOICE,278,9172.12,
539,20230126,1,INFLOW,INVOICE,279,26490.78,
540,20230211,1,INFLOW,INVOICE,280,23344.44,
541,20230214,1,INFLOW,INVOICE,281,12544.78,
542,20230207,1,INFLOW,INVOICE,282,28885.05,
543,20230102,1,OUTFLOW,BILL,261,5061.26,
544,20230103,1,OUTFLOW,BILL,262,9166.14,
545,20230111,1,OUTFLOW,BILL,263,1621.11,
546,20230105,1,OUTFLOW,BILL,264,1717.72,
547,20230113,1,OUTFLOW,BILL,265,1869.28,
548,20230109,1,OUTFLOW,BILL,266,33903.99,
549,20230110,1,OUTFLOW,BILL,267,15925.64,
550,20230111,1,OUTFLOW,BILL,268,2137.61,
551,20230211,1,OUTFLOW,BILL,269,2517.51,
552,20230120,1,OUTFLOW,BILL,270,15832.54,
553,20230131,1,OUTFLOW,BILL,271,2048.38,
554,20230117,1,OUTFLOW,BILL,272,3224.7,
555,20230202,1,OUTFLOW,BILL,273,39885.71,
556,20230119,1,OUTFLOW,BILL,274,3556.17,
557,20230204,1,OUTFLOW,BILL,275,13072.51,
558,20230130,1,OUTFLOW,BILL,276,46394.95,
559,20230223,1,OUTFLOW,BILL,277,5656.42,
560,20230125,1,OUTFLOW,BILL,278,213.18,
561,20230210,1,OUTFLOW,BILL,279,3376.74,
562,20230203,1,OUTFLOW,BILL,280,21438.78,
563,20230301,1,OUTFLOW,BILL,281,24122.44,
564,20230207,1,OUTFLOW,BILL,282,17652.33,
565,20230303,1,INFLOW,INVOICE,283,12958.74,
566,20230202,1,INFLOW,INVOICE,284,11547.84,
567,20230218,1,INFLOW,INVOICE,285,459.83,
568,20230213,1,INFLOW,INVOICE,286,7388.87,
569,20230309,1,INFLOW,INVOICE,287,8467.68,
570,20230208,1,INFLOW,INVOICE,288,9007.83,
571,20230216,1,INFLOW,INVOICE,289,15363.58,
572,20230210,1,INFLOW,INVOICE,290,13501.46,
573,20230315,1,INFLOW,INVOICE,291,16573.33,
574,20230316,1,INFLOW,INVOICE,292,25626.41,
575,20230222,1,INFLOW,INVOICE,293,29678.3,
576,20230223,1,INFLOW,INVOICE,294,22415.51,
577,20230224,1,INFLOW,INVOICE,295,55102.12,
578,20230220,1,INFLOW,INVOICE,296,325.73,
579,20230228,1,INFLOW,INVOICE,297,3856.87,
580,20230301,1,INFLOW,INVOICE,298,134.39,
581,20230310,1,INFLOW,INVOICE,299,18456.47,
582,20230303,1,INFLOW,INVOICE,300,40414.65,
583,20230227,1,INFLOW,INVOICE,301,4939.32,
584,20230315,1,INFLOW,INVOICE,302,46339.21,
585,20230303,1,OUTFLOW,BILL,283,1227.66,
586,20230217,1,OUTFLOW,BILL,284,9098.93,
587,20230210,1,OUTFLOW,BILL,285,3220.06,
588,20230221,1,OUTFLOW,BILL,286,35786.48,
589,20230207,1,OUTFLOW,BILL,287,7176.8,
590,20230223,1,OUTFLOW,BILL,288,17810.99,
591,20230311,1,OUTFLOW,BILL,289,8678.3,
592,20230225,1,OUTFLOW,BILL,290,482.06,
593,20230220,1,OUTFLOW,BILL,291,10891.77,
594,20230301,1,OUTFLOW,BILL,292,32846.74,
595,20230317,1,OUTFLOW,BILL,293,9995.96,
596,20230216,1,OUTFLOW,BILL,294,18576.1,
597,20230224,1,OUTFLOW,BILL,295,23416.37,
598,20230322,1,OUTFLOW,BILL,296,2811.71,
599,20230221,1,OUTFLOW,BILL,297,2588.4,
600,20230301,1,OUTFLOW,BILL,298,10254.44,
601,20230223,1,OUTFLOW,BILL,299,5749.73,
602,20230311,1,OUTFLOW,BILL,300,19894.8,
603,20230314,1,OUTFLOW,BILL,301,25011.57,
604,20230307,1,OUTFLOW,BILL,302,4736.18,
605,20230316,1,INFLOW,INVOICE,303,4879.64,
606,20230309,1,INFLOW,INVOICE,304,800.68,
607,20230310,1,INFLOW,INVOICE,305,8145.87,
608,20230321,1,INFLOW,INVOICE,306,779.04,
609,20230406,1,INFLOW,INVOICE,307,17929.75,
610,20230407,1,INFLOW,INVOICE,308,2962.26,
611,20230408,1,INFLOW,INVOICE,309,8641.54,
612,20230325,1,INFLOW,INVOICE,310,23601.73,
613,20230320,1,INFLOW,INVOICE,311,11710.4,
614,20230329,1,INFLOW,INVOICE,312,8472.18,
615,20230330,1,INFLOW,INVOICE,313,4362.82,
616,20230323,1,INFLOW,INVOICE,314,4506.5,
617,20230416,1,INFLOW,INVOICE,315,12319.96,
618,20230419,1,INFLOW,INVOICE,316,57192.55,
619,20230321,1,INFLOW,INVOICE,317,12065.4,
620,20230329,1,INFLOW,INVOICE,318,9079.99,
621,20230422,1,INFLOW,INVOICE,319,14597.16,
622,20230331,1,INFLOW,INVOICE,320,6964.74,
623,20230426,1,INFLOW,INVOICE,321,690.24,
624,20230427,1,INFLOW,INVOICE,322,9194.15,
625,20230329,1,INFLOW,INVOICE,323,35178.02,
626,20230429,1,INFLOW,INVOICE,324,2144.81,
627,20230430,1,INFLOW,INVOICE,325,13033.15,
628,20230308,1,OUTFLOW,BILL,303,11142.79,
629,20230317,1,OUTFLOW,BILL,304,332.69,
630,20230303,1,OUTFLOW,BILL,305,3262.33,
631,20230313,1,OUTFLOW,BILL,306,2757.98,
632,20230322,1,OUTFLOW,BILL,307,4033.27,
633,20230407,1,OUTFLOW,BILL,308,828.55,
634,20230309,1,OUTFLOW,BILL,309,24966.97,
635,20230310,1,OUTFLOW,BILL,310,7289.63,
636,20230328,1,OUTFLOW,BILL,311,3293.44,
637,20230413,1,OUTFLOW,BILL,312,4568.99,
638,20230330,1,OUTFLOW,BILL,313,5354.48,
639,20230323,1,OUTFLOW,BILL,314,8290.35,
640,20230317,1,OUTFLOW,BILL,315,6549.05,
641,20230320,1,OUTFLOW,BILL,316,22746.69,
642,20230321,1,OUTFLOW,BILL,317,6206.56,
643,20230421,1,OUTFLOW,BILL,318,43794.71,
644,20230407,1,OUTFLOW,BILL,319,17223.04,
645,20230324,1,OUTFLOW,BILL,320,2112.28,
646,20230426,1,OUTFLOW,BILL,321,24098.42,
647,20230404,1,OUTFLOW,BILL,322,1117.51,
648,20230413,1,OUTFLOW,BILL,323,15362.81,
649,20230414,1,OUTFLOW,BILL,324,4327.22,
650,20230331,1,OUTFLOW,BILL,325,19001.28,
651,20230418,1,INFLOW,INVOICE,326,24183.07,
652,20230419,1,INFLOW,INVOICE,327,8832.27,
653,20230412,1,INFLOW,INVOICE,328,14083.2,
654,20230421,1,INFLOW,INVOICE,329,4683.4,
655,20230407,1,INFLOW,INVOICE,330,1941.16,
656,20230410,1,INFLOW,INVOICE,331,38203.31,
657,20230426,1,INFLOW,INVOICE,332,7718.76,
658,20230419,1,INFLOW,INVOICE,333,4898.63,
659,20230413,1,INFLOW,INVOICE,334,29442.66,
660,20230421,1,INFLOW,INVOICE,335,24088.14,
661,20230417,1,INFLOW,INVOICE,336,25100.26,
662,20230503,1,INFLOW,INVOICE,337,6505.38,
663,20230519,1,INFLOW,INVOICE,338,6627.42,
664,20230420,1,INFLOW,INVOICE,339,6244.11,
665,20230421,1,INFLOW,INVOICE,340,4776.76,
666,20230501,1,INFLOW,INVOICE,341,26687.0,
667,20230425,1,INFLOW,INVOICE,342,47151.14,
668,20230426,1,INFLOW,INVOICE,343,32247.96,
669,20230427,1,INFLOW,INVOICE,344,39309.75,
670,20230528,1,INFLOW,INVOICE,345,12985.61,
671,20230403,1,OUTFLOW,BILL,326,9096.13,
672,20230411,1,OUTFLOW,BILL,327,1580.09,
673,20230405,1,OUTFLOW,BILL,328,10793.13,
674,20230421,1,OUTFLOW,BILL,329,8235.41,
675,20230422,1,OUTFLOW,BILL,330,25286.78,
676,20230410,1,OUTFLOW,BILL,331,1403.3,
677,20230511,1,OUTFLOW,BILL,332,9106.41,
678,20230412,1,OUTFLOW,BILL,333,2210.0,
679,20230428,1,OUTFLOW,BILL,334,5336.36,
680,20230414,1,OUTFLOW,BILL,335,18174.16,
681,20230502,1,OUTFLOW,BILL,336,8785.55,
682,20230503,1,OUTFLOW,BILL,337,6408.4,
683,20230419,1,OUTFLOW,BILL,338,6819.41,
684,20230420,1,OUTFLOW,BILL,339,8362.3,
685,20230521,1,OUTFLOW,BILL,340,20896.08,
686,20230509,1,OUTFLOW,BILL,341,30265.01,
687,20230510,1,OUTFLOW,BILL,342,42256.64,
688,20230511,1,OUTFLOW,BILL,343,21015.91,
689,20230427,1,OUTFLOW,BILL,344,5151.05,
690,20230513,1,OUTFLOW,BILL,345,15839.1,
691,20230516,1,INFLOW,INVOICE,346,4183.42,
692,20230601,1,INFLOW,INVOICE,347,60337.71,
693,20230503,1,INFLOW,INVOICE,348,17807.97,
694,20230511,1,INFLOW,INVOICE,349,169.6,
695,20230512,1,INFLOW,INVOICE,350,4771.69,
696,20230508,1,INFLOW,INVOICE,351,4887.27,
697,20230608,1,INFLOW,INVOICE,352,1161.17,
698,20230517,1,INFLOW,INVOICE,353,52009.07,
699,20230610,1,INFLOW,INVOICE,354,10525.86,
700,20230527,1,INFLOW,INVOICE,355,36590.78,
701,20230614,1,INFLOW,INVOICE,356,6292.54,
702,20230531,1,INFLOW,INVOICE,357,2164.76,
703,20230517,1,INFLOW,INVOICE,358,10404.78,
704,20230518,1,INFLOW,INVOICE,359,1957.52,
705,20230526,1,INFLOW,INVOICE,360,10768.32,
706,20230522,1,INFLOW,INVOICE,361,40924.68,
707,20230523,1,INFLOW,INVOICE,362,11901.0,
708,20230623,1,INFLOW,INVOICE,363,15506.46,
709,20230624,1,INFLOW,INVOICE,364,2756.29,
710,20230610,1,INFLOW,INVOICE,365,723.55,
711,20230628,1,INFLOW,INVOICE,366,1900.13,
712,20230629,1,INFLOW,INVOICE,367,14765.64,
713,20230607,1,INFLOW,INVOICE,368,1615.23,
714,20230531,1,OUTFLOW,BILL,346,45664.24,
715,20230502,1,OUTFLOW,BILL,347,30284.51,
716,20230518,1,OUTFLOW,BILL,348,482.37,
717,20230519,1,OUTFLOW,BILL,349,1968.49,
718,20230505,1,OUTFLOW,BILL,350,1543.86,
719,20230508,1,OUTFLOW,BILL,351,14149.32,
720,20230608,1,OUTFLOW,BILL,352,18608.89,
721,20230517,1,OUTFLOW,BILL,353,2625.11,
722,20230610,1,OUTFLOW,BILL,354,7704.71,
723,20230519,1,OUTFLOW,BILL,355,20078.03,
724,20230515,1,OUTFLOW,BILL,356,14424.86,
725,20230531,1,OUTFLOW,BILL,357,8540.65,
726,20230524,1,OUTFLOW,BILL,358,9754.33,
727,20230525,1,OUTFLOW,BILL,359,7760.32,
728,20230519,1,OUTFLOW,BILL,360,3860.2,
729,20230529,1,OUTFLOW,BILL,361,9098.69,
730,20230530,1,OUTFLOW,BILL,362,12761.66,
731,20230623,1,OUTFLOW,BILL,363,22582.38,
732,20230601,1,OUTFLOW,BILL,364,11054.51,
733,20230526,1,OUTFLOW,BILL,365,15649.41,
734,20230613,1,OUTFLOW,BILL,366,1906.59,
735,20230614,1,OUTFLOW,BILL,367,6766.41,
736,20230607,1,OUTFLOW,BILL,368,102.47,
737,20230601,1,INFLOW,INVOICE,369,17522.81,
738,20230609,1,INFLOW,INVOICE,370,25383.79,
739,20230705,1,INFLOW,INVOICE,371,4883.05,
740,20230621,1,INFLOW,INVOICE,372,27069.41,
741,20230622,1,INFLOW,INVOICE,373,10709.19,
742,20230623,1,INFLOW,INVOICE,374,1245.19,
743,20230709,1,INFLOW,INVOICE,375,936.89,
744,20230627,1,INFLOW,INVOICE,376,6317.2,
745,20230620,1,INFLOW,INVOICE,377,23861.09,
746,20230614,1,INFLOW,INVOICE,378,19098.17,
747,20230715,1,INFLOW,INVOICE,379,24131.84,
748,20230623,1,INFLOW,INVOICE,380,11309.06,
749,20230704,1,INFLOW,INVOICE,381,9009.01,
750,20230705,1,INFLOW,INVOICE,382,2477.14,
751,20230628,1,INFLOW,INVOICE,383,6176.83,
752,20230629,1,INFLOW,INVOICE,384,8838.53,
753,20230630,1,INFLOW,INVOICE,385,1440.6,
754,20230711,1,INFLOW,INVOICE,386,3870.32,
755,20230712,1,INFLOW,INVOICE,387,14159.52,
756,20230713,1,INFLOW,INVOICE,388,20660.63,
757,20230714,1,INFLOW,INVOICE,389,99464.9,
758,20230707,1,INFLOW,INVOICE,390,41999.75,
759,20230616,1,OUTFLOW,BILL,369,30725.31,
760,20230702,1,OUTFLOW,BILL,370,27495.36,
761,20230705,1,OUTFLOW,BILL,371,3069.18,
762,20230606,1,OUTFLOW,BILL,372,24186.55,
763,20230607,1,OUTFLOW,BILL,373,9134.13,
764,20230623,1,OUTFLOW,BILL,374,9831.94,
765,20230616,1,OUTFLOW,BILL,375,2135.4,
766,20230612,1,OUTFLOW,BILL,376,1252.53,
767,20230613,1,OUTFLOW,BILL,377,19401.94,
768,20230621,1,OUTFLOW,BILL,378,10226.06,
769,20230630,1,OUTFLOW,BILL,379,8558.46,
770,20230701,1,OUTFLOW,BILL,380,19488.14,
771,20230626,1,OUTFLOW,BILL,381,21617.15,
772,20230720,1,OUTFLOW,BILL,382,2579.33,
773,20230628,1,OUTFLOW,BILL,383,14043.03,
774,20230622,1,OUTFLOW,BILL,384,2167.67,
775,20230630,1,OUTFLOW,BILL,385,20744.56,
776,20230626,1,OUTFLOW,BILL,386,15946.49,
777,20230627,1,OUTFLOW,BILL,387,46765.58,
778,20230628,1,OUTFLOW,BILL,388,1064.96,
779,20230629,1,OUTFLOW,BILL,389,875.61,
780,20230730,1,OUTFLOW,BILL,390,4941.61,
781,20230710,1,INFLOW,INVOICE,391,12579.26,
782,20230803,1,INFLOW,INVOICE,392,62892.38,
783,20230720,1,INFLOW,INVOICE,393,4120.31,
784,20230805,1,INFLOW,INVOICE,394,8264.02,
785,20230707,1,INFLOW,INVOICE,395,12489.65,
786,20230717,1,INFLOW,INVOICE,396,25053.06,
787,20230718,1,INFLOW,INVOICE,397,12710.86,
788,20230719,1,INFLOW,INVOICE,398,15156.51,
789,20230812,1,INFLOW,INVOICE,399,4094.24,
790,20230714,1,INFLOW,INVOICE,400,29971.93,
791,20230724,1,INFLOW,INVOICE,401,8938.61,
792,20230817,1,INFLOW,INVOICE,402,2426.44,
793,20230803,1,INFLOW,INVOICE,403,17426.32,
794,20230720,1,INFLOW,INVOICE,404,3888.04,
795,20230728,1,INFLOW,INVOICE,405,1639.39,
796,20230731,1,INFLOW,INVOICE,406,31626.72,
797,20230809,1,INFLOW,INVOICE,407,9845.18,
798,20230726,1,INFLOW,INVOICE,408,22093.17,
799,20230803,1,INFLOW,INVOICE,409,5482.73,
800,20230827,1,INFLOW,INVOICE,410,24694.49,
801,20230731,1,INFLOW,INVOICE,411,1895.8,
802,20230718,1,OUTFLOW,BILL,391,9044.66,
803,20230719,1,OUTFLOW,BILL,392,29228.07,
804,20230804,1,OUTFLOW,BILL,393,8490.05,
805,20230721,1,OUTFLOW,BILL,394,10969.28,
806,20230722,1,OUTFLOW,BILL,395,9245.09,
807,20230717,1,OUTFLOW,BILL,396,1790.03,
808,20230810,1,OUTFLOW,BILL,397,10618.95,
809,20230727,1,OUTFLOW,BILL,398,3973.34,
810,20230728,1,OUTFLOW,BILL,399,3772.79,
811,20230721,1,OUTFLOW,BILL,400,1802.68,
812,20230816,1,OUTFLOW,BILL,401,8051.79,
813,20230725,1,OUTFLOW,BILL,402,25859.97,
814,20230818,1,OUTFLOW,BILL,403,5906.5,
815,20230720,1,OUTFLOW,BILL,404,6835.62,
816,20230820,1,OUTFLOW,BILL,405,18785.28,
817,20230731,1,OUTFLOW,BILL,406,3978.59,
818,20230809,1,OUTFLOW,BILL,407,41484.22,
819,20230825,1,OUTFLOW,BILL,408,13405.07,
820,20230811,1,OUTFLOW,BILL,409,10833.5,
821,20230728,1,OUTFLOW,BILL,410,14895.92,
822,20230815,1,OUTFLOW,BILL,411,3314.24,
823,20230816,1,INFLOW,INVOICE,412,7361.8,
824,20230809,1,INFLOW,INVOICE,413,19026.75,
825,20230902,1,INFLOW,INVOICE,414,4409.5,
826,20230804,1,INFLOW,INVOICE,415,2061.45,
827,20230822,1,INFLOW,INVOICE,416,13444.5,
828,20230907,1,INFLOW,INVOICE,417,18884.87,
829,20230908,1,INFLOW,INVOICE,418,1145.56,
830,20230810,1,INFLOW,INVOICE,419,2962.17,
831,20230818,1,INFLOW,INVOICE,420,1653.7,
832,20230829,1,INFLOW,INVOICE,421,4618.37,
833,20230830,1,INFLOW,INVOICE,422,6463.62,
834,20230816,1,INFLOW,INVOICE,423,14921.61,
835,20230824,1,INFLOW,INVOICE,424,11373.71,
836,20230825,1,INFLOW,INVOICE,425,10476.48,
837,20230920,1,INFLOW,INVOICE,426,4692.05,
838,20230906,1,INFLOW,INVOICE,427,19890.31,
839,20230907,1,INFLOW,INVOICE,428,6883.04,
840,20230824,1,INFLOW,INVOICE,429,41777.61,
841,20230901,1,INFLOW,INVOICE,430,10859.67,
842,20230828,1,INFLOW,INVOICE,431,1457.78,
843,20230913,1,INFLOW,INVOICE,432,12177.82,
844,20230914,1,INFLOW,INVOICE,433,4246.58,
845,20230915,1,INFLOW,INVOICE,434,12521.75,
846,20230816,1,OUTFLOW,BILL,412,4604.92,
847,20230901,1,OUTFLOW,BILL,413,4449.51,
848,20230902,1,OUTFLOW,BILL,414,2397.34,
849,20230903,1,OUTFLOW,BILL,415,4481.26,
850,20230906,1,OUTFLOW,BILL,416,1286.09,
851,20230823,1,OUTFLOW,BILL,417,4963.14,
852,20230809,1,OUTFLOW,BILL,418,15116.07,
853,20230817,1,OUTFLOW,BILL,419,6080.25,
854,20230826,1,OUTFLOW,BILL,420,169.35,
855,20230821,1,OUTFLOW,BILL,421,5102.03,
856,20230822,1,OUTFLOW,BILL,422,256.87,
857,20230831,1,OUTFLOW,BILL,423,31593.56,
858,20230916,1,OUTFLOW,BILL,424,1271.17,
859,20230902,1,OUTFLOW,BILL,425,11467.35,
860,20230905,1,OUTFLOW,BILL,426,33598.95,
861,20230921,1,OUTFLOW,BILL,427,16306.17,
862,20230907,1,OUTFLOW,BILL,428,11204.04,
863,20230824,1,OUTFLOW,BILL,429,17054.79,
864,20230825,1,OUTFLOW,BILL,430,37352.55,
865,20230912,1,OUTFLOW,BILL,431,9054.36,
866,20230928,1,OUTFLOW,BILL,432,7637.19,
867,20230830,1,OUTFLOW,BILL,433,9225.66,
868,20230930,1,OUTFLOW,BILL,434,7092.72,
869,20231001,1,INFLOW,INVOICE,435,2067.76,
870,20230904,1,INFLOW,INVOICE,436,32709.44,
871,20230905,1,INFLOW,INVOICE,437,6514.37,
872,20230906,1,INFLOW,INVOICE,438,17191.22,
873,20231007,1,INFLOW,INVOICE,439,11282.99,
874,20230923,1,INFLOW,INVOICE,440,12474.49,
875,20230911,1,INFLOW,INVOICE,441,1561.18,
876,20231012,1,INFLOW,INVOICE,442,2949.82,
877,20230913,1,INFLOW,INVOICE,443,17084.32,
878,20230921,1,INFLOW,INVOICE,444,39053.58,
879,20230922,1,INFLOW,INVOICE,445,3368.98,
880,20230925,1,INFLOW,INVOICE,446,3503.14,
881,20231004,1,INFLOW,INVOICE,447,7079.64,
882,20231020,1,INFLOW,INVOICE,448,45607.48,
883,20230928,1,INFLOW,INVOICE,449,3463.6,
884,20230922,1,INFLOW,INVOICE,450,5776.77,
885,20230925,1,INFLOW,INVOICE,451,24552.79,
886,20231003,1,INFLOW,INVOICE,452,32.34,
887,20231004,1,INFLOW,INVOICE,453,448.62,
888,20230928,1,INFLOW,INVOICE,454,10243.38,
889,20231029,1,INFLOW,INVOICE,455,26304.36,
890,20230901,1,OUTFLOW,BILL,435,905.63,
891,20230919,1,OUTFLOW,BILL,436,9540.15,
892,20230920,1,OUTFLOW,BILL,437,1201.16,
893,20231006,1,OUTFLOW,BILL,438,4208.67,
894,20230914,1,OUTFLOW,BILL,439,7037.45,
895,20230923,1,OUTFLOW,BILL,440,20605.43,
896,20230911,1,OUTFLOW,BILL,441,6761.56,
897,20231012,1,OUTFLOW,BILL,442,12041.1,
898,20230913,1,OUTFLOW,BILL,443,49057.83,
899,20230929,1,OUTFLOW,BILL,444,1401.12,
900,20230922,1,OUTFLOW,BILL,445,3192.46,
901,20230925,1,OUTFLOW,BILL,446,4987.53,
902,20231004,1,OUTFLOW,BILL,447,5445.28,
903,20230927,1,OUTFLOW,BILL,448,5261.23,
904,20230928,1,OUTFLOW,BILL,449,23671.59,
905,20231007,1,OUTFLOW,BILL,450,12442.1,
906,20231025,1,OUTFLOW,BILL,451,9305.17,
907,20231003,1,OUTFLOW,BILL,452,3678.88,
908,20231012,1,OUTFLOW,BILL,453,17254.48,
909,20230928,1,OUTFLOW,BILL,454,30834.36,
910,20231014,1,OUTFLOW,BILL,455,17109.34,
911,20231101,1,INFLOW,INVOICE,456,36754.85,
912,20231003,1,INFLOW,INVOICE,457,25175.69,
913,20231019,1,INFLOW,INVOICE,458,3713.13,
914,20231104,1,INFLOW,INVOICE,459,9587.43,
915,20231006,1,INFLOW,INVOICE,460,25883.2,
916,20231108,1,INFLOW,INVOICE,461,1064.19,
917,20231109,1,INFLOW,INVOICE,462,7475.18,
918,20231011,1,INFLOW,INVOICE,463,29128.03,
919,20231111,1,INFLOW,INVOICE,464,7891.81,
920,20231013,1,INFLOW,INVOICE,465,1232.44,
921,20231115,1,INFLOW,INVOICE,466,11929.84,
922,20231116,1,INFLOW,INVOICE,467,30183.13,
923,20231102,1,INFLOW,INVOICE,468,13611.51,
924,20231103,1,INFLOW,INVOICE,469,3913.45,
925,20231027,1,INFLOW,INVOICE,470,7396.87,
926,20231023,1,INFLOW,INVOICE,471,9123.13,
927,20231031,1,INFLOW,INVOICE,472,13206.67,
928,20231124,1,INFLOW,INVOICE,473,21728.76,
929,20231125,1,INFLOW,INVOICE,474,1588.14,
930,20231126,1,INFLOW,INVOICE,475,33622.7,
931,20231106,1,INFLOW,INVOICE,476,188.94,
932,20231115,1,INFLOW,INVOICE,477,7049.39,
933,20231002,1,OUTFLOW,BILL,456,13508.8,
934,20231010,1,OUTFLOW,BILL,457,1755.38,
935,20231004,1,OUTFLOW,BILL,458,7703.77,
936,20231005,1,OUTFLOW,BILL,459,323.61,
937,20231006,1,OUTFLOW,BILL,460,8160.19,
938,20231016,1,OUTFLOW,BILL,461,38531.01,
939,20231025,1,OUTFLOW,BILL,462,5618.98,
940,20231018,1,OUTFLOW,BILL,463,460.98,
941,20231019,1,OUTFLOW,BILL,464,364.42,
942,20231020,1,OUTFLOW,BILL,465,5690.34,
943,20231115,1,OUTFLOW,BILL,466,2020.97,
944,20231116,1,OUTFLOW,BILL,467,273.84,
945,20231117,1,OUTFLOW,BILL,468,16357.8,
946,20231019,1,OUTFLOW,BILL,469,7109.48,
947,20231119,1,OUTFLOW,BILL,470,3956.89,
948,20231107,1,OUTFLOW,BILL,471,26694.88,
949,20231123,1,OUTFLOW,BILL,472,1430.76,
950,20231101,1,OUTFLOW,BILL,473,36178.43,
951,20231110,1,OUTFLOW,BILL,474,4367.17,
952,20231126,1,OUTFLOW,BILL,475,25413.69,
953,20231030,1,OUTFLOW,BILL,476,10704.7,
954,20231115,1,OUTFLOW,BILL,477,20313.33,
955,20231101,1,INFLOW,INVOICE,478,9999.78,
956,20231102,1,INFLOW,INVOICE,479,26761.91,
957,20231118,1,INFLOW,INVOICE,480,1836.78,
958,20231206,1,INFLOW,INVOICE,481,20505.54,
959,20231122,1,INFLOW,INVOICE,482,1749.07,
960,20231208,1,INFLOW,INVOICE,483,20739.36,
961,20231109,1,INFLOW,INVOICE,484,4232.65,
962,20231210,1,INFLOW,INVOICE,485,27500.8,
963,20231213,1,INFLOW,INVOICE,486,37823.22,
964,20231114,1,INFLOW,INVOICE,487,2113.47,
965,20231115,1,INFLOW,INVOICE,488,8148.72,
966,20231116,1,INFLOW,INVOICE,489,51984.8,
967,20231202,1,INFLOW,INVOICE,490,8664.9,
968,20231205,1,INFLOW,INVOICE,491,26129.52,
969,20231121,1,INFLOW,INVOICE,492,11656.07,
970,20231207,1,INFLOW,INVOICE,493,6172.76,
971,20231123,1,INFLOW,INVOICE,494,4415.35,
972,20231224,1,INFLOW,INVOICE,495,2980.31,
973,20231227,1,INFLOW,INVOICE,496,18820.55,
974,20231128,1,INFLOW,INVOICE,497,6410.33,
975,20231214,1,INFLOW,INVOICE,498,9392.41,
976,20231207,1,INFLOW,INVOICE,499,8893.35,
977,20231108,1,OUTFLOW,BILL,478,7174.34,
978,20231109,1,OUTFLOW,BILL,479,9587.82,
979,20231118,1,OUTFLOW,BILL,480,9903.8,
980,20231121,1,OUTFLOW,BILL,481,16411.5,
981,20231107,1,OUTFLOW,BILL,482,3884.12,
982,20231108,1,OUTFLOW,BILL,483,12648.04,
983,20231209,1,OUTFLOW,BILL,484,7201.76,
984,20231110,1,OUTFLOW,BILL,485,15102.03,
985,20231213,1,OUTFLOW,BILL,486,44640.47,
986,20231121,1,OUTFLOW,BILL,487,2144.79,
987,20231215,1,OUTFLOW,BILL,488,50090.46,
988,20231201,1,OUTFLOW,BILL,489,901.22,
989,20231202,1,OUTFLOW,BILL,490,22.22,
990,20231120,1,OUTFLOW,BILL,491,432.55,
991,20231121,1,OUTFLOW,BILL,492,4005.2,
992,20231129,1,OUTFLOW,BILL,493,9597.26,
993,20231123,1,OUTFLOW,BILL,494,685.01,
994,20231209,1,OUTFLOW,BILL,495,54.41,
995,20231204,1,OUTFLOW,BILL,496,26490.02,
996,20231213,1,OUTFLOW,BILL,497,16525.31,
997,20231229,1,OUTFLOW,BILL,498,15863.38,
998,20231230,1,OUTFLOW,BILL,499,20665.07,
999,20231208,1,INFLOW,INVOICE,500,38660.22,
1000,20240103,1,INFLOW,INVOICE,501,36434.23,
1001,20240104,1,INFLOW,INVOICE,502,17979.35,
1002,20240105,1,INFLOW,INVOICE,503,16419.56,
1003,20231207,1,INFLOW,INVOICE,504,3447.32,
1004,20231223,1,INFLOW,INVOICE,505,33388.01,
1005,20231211,1,INFLOW,INVOICE,506,7080.18,
1006,20231219,1,INFLOW,INVOICE,507,15351.56,
1007,20240112,1,INFLOW,INVOICE,508,7478.52,
1008,20231221,1,INFLOW,INVOICE,509,3212.53,
1009,20231230,1,INFLOW,INVOICE,510,22204.89,
1010,20240102,1,INFLOW,INVOICE,511,1249.12,
1011,20231226,1,INFLOW,INVOICE,512,30876.87,
1012,20240119,1,INFLOW,INVOICE,513,8544.25,
1013,20240105,1,INFLOW,INVOICE,514,3.01,
1014,20231222,1,INFLOW,INVOICE,515,16002.18,
1015,20240109,1,INFLOW,INVOICE,516,1072.95,
1016,20231226,1,INFLOW,INVOICE,517,7226.75,
1017,20240126,1,INFLOW,INVOICE,518,27447.11,
1018,20231228,1,INFLOW,INVOICE,519,1447.61,
1019,20240113,1,INFLOW,INVOICE,520,40884.49,
1020,20231201,1,OUTFLOW,BILL,500,47.47,
1021,20231204,1,OUTFLOW,BILL,501,1983.09,
1022,20231220,1,OUTFLOW,BILL,502,13553.53,
1023,20231206,1,OUTFLOW,BILL,503,11917.85,
1024,20231222,1,OUTFLOW,BILL,504,36725.06,
1025,20231208,1,OUTFLOW,BILL,505,15540.44,
1026,20231218,1,OUTFLOW,BILL,506,32692.05,
1027,20240111,1,OUTFLOW,BILL,507,13163.18,
1028,20231228,1,OUTFLOW,BILL,508,3842.05,
1029,20240113,1,OUTFLOW,BILL,509,1208.75,
1030,20240114,1,OUTFLOW,BILL,510,16528.4,
1031,20231218,1,OUTFLOW,BILL,511,11217.34,
1032,20240103,1,OUTFLOW,BILL,512,536.15,
1033,20231220,1,OUTFLOW,BILL,513,4845.94,
1034,20240120,1,OUTFLOW,BILL,514,34109.94,
1035,20231229,1,OUTFLOW,BILL,515,7533.82,
1036,20240101,1,OUTFLOW,BILL,516,6154.71,
1037,20231226,1,OUTFLOW,BILL,517,6643.43,
1038,20240103,1,OUTFLOW,BILL,518,2543.76,
1039,20240112,1,OUTFLOW,BILL,519,4993.8,
1040,20240105,1,OUTFLOW,BILL,520,5012.84,
1041,20240131,1,INFLOW,INVOICE,521,47194.34,
1042,20240117,1,INFLOW,INVOICE,522,10434.96,
1043,20240202,1,INFLOW,INVOICE,523,16135.03,
1044,20240203,1,INFLOW,INVOICE,524,5328.55,
1045,20240120,1,INFLOW,INVOICE,525,21201.7,
1046,20240207,1,INFLOW,INVOICE,526,21134.37,
1047,20240109,1,INFLOW,INVOICE,527,10502.22,
1048,20240125,1,INFLOW,INVOICE,528,53179.92,
1049,20240210,1,INFLOW,INVOICE,529,1912.63,
1050,20240112,1,INFLOW,INVOICE,530,243.68,
1051,20240115,1,INFLOW,INVOICE,531,20961.94,
1052,20240123,1,INFLOW,INVOICE,532,23464.02,
1053,20240117,1,INFLOW,INVOICE,533,1825.79,
1054,20240217,1,INFLOW,INVOICE,534,4400.6,
1055,20240218,1,INFLOW,INVOICE,535,252.45,
1056,20240221,1,INFLOW,INVOICE,536,4949.23,
1057,20240222,1,INFLOW,INVOICE,537,21148.21,
1058,20240208,1,INFLOW,INVOICE,538,10403.23,
1059,20240224,1,INFLOW,INVOICE,539,6099.66,
1060,20240202,1,INFLOW,INVOICE,540,6626.32,
1061,20240213,1,INFLOW,INVOICE,541,19.31,
1062,20240206,1,INFLOW,INVOICE,542,5080.8,
1063,20240131,1,INFLOW,INVOICE,543,14823.05,
1064,20240101,1,OUTFLOW,BILL,521,3599.19,
1065,20240117,1,OUTFLOW,BILL,522,3071.6,
1066,20240202,1,OUTFLOW,BILL,523,2138.75,
1067,20240111,1,OUTFLOW,BILL,524,13726.2,
1068,20240112,1,OUTFLOW,BILL,525,21423.9,
1069,20240115,1,OUTFLOW,BILL,526,12168.91,
1070,20240116,1,OUTFLOW,BILL,527,2240.15,
1071,20240209,1,OUTFLOW,BILL,528,23488.69,
1072,20240210,1,OUTFLOW,BILL,529,14240.9,
1073,20240211,1,OUTFLOW,BILL,530,6923.92,
1074,20240122,1,OUTFLOW,BILL,531,15802.16,
1075,20240123,1,OUTFLOW,BILL,532,4241.74,
1076,20240216,1,OUTFLOW,BILL,533,5967.27,
1077,20240217,1,OUTFLOW,BILL,534,35159.61,
1078,20240218,1,OUTFLOW,BILL,535,4836.82,
1079,20240122,1,OUTFLOW,BILL,536,8947.18,
1080,20240207,1,OUTFLOW,BILL,537,31125.75,
1081,20240223,1,OUTFLOW,BILL,538,17335.36,
1082,20240125,1,OUTFLOW,BILL,539,905.1,
1083,20240126,1,OUTFLOW,BILL,540,2245.77,
1084,20240129,1,OUTFLOW,BILL,541,110.95,
1085,20240214,1,OUTFLOW,BILL,542,14047.39,
1086,20240301,1,OUTFLOW,BILL,543,8365.97,
1087,20240208,1,INFLOW,INVOICE,544,24413.74,
1088,20240217,1,INFLOW,INVOICE,545,3946.79,
1089,20240212,1,INFLOW,INVOICE,546,18505.79,
1090,20240206,1,INFLOW,INVOICE,547,32823.33,
1091,20240207,1,INFLOW,INVOICE,548,15357.1,
1092,20240208,1,INFLOW,INVOICE,549,270.65,
1093,20240310,1,INFLOW,INVOICE,550,201.81,
1094,20240212,1,INFLOW,INVOICE,551,9816.41,
1095,20240228,1,INFLOW,INVOICE,552,57928.93,
1096,20240214,1,INFLOW,INVOICE,553,5771.03,
1097,20240301,1,INFLOW,INVOICE,554,22362.3,
1098,20240223,1,INFLOW,INVOICE,555,5581.62,
1099,20240226,1,INFLOW,INVOICE,556,8626.53,
1100,20240321,1,INFLOW,INVOICE,557,41877.84,
1101,20240322,1,INFLOW,INVOICE,558,29008.19,
1102,20240308,1,INFLOW,INVOICE,559,2228.45,
1103,20240324,1,INFLOW,INVOICE,560,12443.3,
1104,20240304,1,INFLOW,INVOICE,561,657.98,
1105,20240305,1,INFLOW,INVOICE,562,14572.49,
1106,20240228,1,INFLOW,INVOICE,563,24137.7,
1107,20240330,1,INFLOW,INVOICE,564,2803.48,
1108,20240216,1,OUTFLOW,BILL,544,277.35,
1109,20240202,1,OUTFLOW,BILL,545,18202.49,
1110,20240205,1,OUTFLOW,BILL,546,13848.99,
1111,20240221,1,OUTFLOW,BILL,547,2580.85,
1112,20240207,1,OUTFLOW,BILL,548,31117.48,
1113,20240215,1,OUTFLOW,BILL,549,1593.98,
1114,20240209,1,OUTFLOW,BILL,550,11310.79,
1115,20240313,1,OUTFLOW,BILL,551,2531.95,
1116,20240228,1,OUTFLOW,BILL,552,5610.97,
1117,20240221,1,OUTFLOW,BILL,553,12622.14,
1118,20240316,1,OUTFLOW,BILL,554,8235.05,
1119,20240302,1,OUTFLOW,BILL,555,5543.4,
1120,20240219,1,OUTFLOW,BILL,556,3926.15,
1121,20240321,1,OUTFLOW,BILL,557,18192.79,
1122,20240307,1,OUTFLOW,BILL,558,1543.2,
1123,20240222,1,OUTFLOW,BILL,559,5588.66,
1124,20240324,1,OUTFLOW,BILL,560,23265.9,
1125,20240304,1,OUTFLOW,BILL,561,18584.08,
1126,20240313,1,OUTFLOW,BILL,562,5092.67,
1127,20240314,1,OUTFLOW,BILL,563,14313.58,
1128,20240307,1,OUTFLOW,BILL,564,17219.35,
1129,20240331,1,INFLOW,INVOICE,565,28152.96,
1130,20240311,1,INFLOW,INVOICE,566,8196.21,
1131,20240305,1,INFLOW,INVOICE,567,5384.91,
1132,20240405,1,INFLOW,INVOICE,568,5871.5,
1133,20240322,1,INFLOW,INVOICE,569,18607.03,
1134,20240323,1,INFLOW,INVOICE,570,25323.57,
1135,20240311,1,INFLOW,INVOICE,571,2990.68,
1136,20240312,1,INFLOW,INVOICE,572,6916.79,
1137,20240328,1,INFLOW,INVOICE,573,34651.49,
1138,20240329,1,INFLOW,INVOICE,574,24523.95,
1139,20240315,1,INFLOW,INVOICE,575,62527.72,
1140,20240402,1,INFLOW,INVOICE,576,20942.01,
1141,20240326,1,INFLOW,INVOICE,577,7454.25,
1142,20240404,1,INFLOW,INVOICE,578,13327.64,
1143,20240405,1,INFLOW,INVOICE,579,16142.56,
1144,20240322,1,INFLOW,INVOICE,580,1219.19,
1145,20240409,1,INFLOW,INVOICE,581,11733.94,
1146,20240410,1,INFLOW,INVOICE,582,18436.63,
1147,20240403,1,INFLOW,INVOICE,583,2732.33,
1148,20240328,1,INFLOW,INVOICE,584,22636.7,
1149,20240413,1,INFLOW,INVOICE,585,13079.47,
1150,20240331,1,OUTFLOW,BILL,565,922.26,
1151,20240311,1,OUTFLOW,BILL,566,2653.91,
1152,20240305,1,OUTFLOW,BILL,567,4153.97,
1153,20240306,1,OUTFLOW,BILL,568,18934.11,
1154,20240314,1,OUTFLOW,BILL,569,2962.41,
1155,20240407,1,OUTFLOW,BILL,570,2190.2,
1156,20240410,1,OUTFLOW,BILL,571,25041.74,
1157,20240319,1,OUTFLOW,BILL,572,19242.24,
1158,20240328,1,OUTFLOW,BILL,573,9890.59,
1159,20240329,1,OUTFLOW,BILL,574,13792.66,
1160,20240322,1,OUTFLOW,BILL,575,6471.56,
1161,20240318,1,OUTFLOW,BILL,576,11400.44,
1162,20240418,1,OUTFLOW,BILL,577,12228.3,
1163,20240327,1,OUTFLOW,BILL,578,8476.22,
1164,20240420,1,OUTFLOW,BILL,579,41025.65,
1165,20240322,1,OUTFLOW,BILL,580,280.23,
1166,20240409,1,OUTFLOW,BILL,581,26375.55,
1167,20240326,1,OUTFLOW,BILL,582,2298.73,
1168,20240327,1,OUTFLOW,BILL,583,27642.42,
1169,20240328,1,OUTFLOW,BILL,584,16560.08,
1170,20240405,1,OUTFLOW,BILL,585,32073.4,
1171,20240501,1,INFLOW,INVOICE,586,7200.05,
1172,20240402,1,INFLOW,INVOICE,587,1037.73,
1173,20240403,1,INFLOW,INVOICE,588,8342.52,
1174,20240419,1,INFLOW,INVOICE,589,51494.12,
1175,20240420,1,INFLOW,INVOICE,590,18287.04,
1176,20240415,1,INFLOW,INVOICE,591,19831.17,
1177,20240424,1,INFLOW,INVOICE,592,17823.11,
1178,20240417,1,INFLOW,INVOICE,593,3952.94,
1179,20240511,1,INFLOW,INVOICE,594,9653.36,
1180,20240419,1,INFLOW,INVOICE,595,24764.32,
1181,20240422,1,INFLOW,INVOICE,596,1904.22,
1182,20240501,1,INFLOW,INVOICE,597,5799.34,
1183,20240502,1,INFLOW,INVOICE,598,5761.55,
1184,20240503,1,INFLOW,INVOICE,599,10077.52,
1185,20240519,1,INFLOW,INVOICE,600,70025.32,
1186,20240422,1,INFLOW,INVOICE,601,1245.09,
1187,20240523,1,INFLOW,INVOICE,602,13027.72,
1188,20240509,1,INFLOW,INVOICE,603,3521.66,
1189,20240510,1,INFLOW,INVOICE,604,62876.68,
1190,20240503,1,INFLOW,INVOICE,605,2142.33,
1191,20240429,1,INFLOW,INVOICE,606,9207.75,
1192,20240507,1,INFLOW,INVOICE,607,23854.16,
1193,20240401,1,OUTFLOW,BILL,586,32210.02,
1194,20240402,1,OUTFLOW,BILL,587,2775.14,
1195,20240403,1,OUTFLOW,BILL,588,10827.72,
1196,20240411,1,OUTFLOW,BILL,589,11780.97,
1197,20240412,1,OUTFLOW,BILL,590,9046.0,
1198,20240415,1,OUTFLOW,BILL,591,3605.29,
1199,20240424,1,OUTFLOW,BILL,592,3037.79,
1200,20240510,1,OUTFLOW,BILL,593,8746.75,
1201,20240426,1,OUTFLOW,BILL,594,19315.65,
1202,20240512,1,OUTFLOW,BILL,595,28171.39,
1203,20240430,1,OUTFLOW,BILL,596,1075.42,
1204,20240423,1,OUTFLOW,BILL,597,1616.01,
1205,20240417,1,OUTFLOW,BILL,598,27817.73,
1206,20240503,1,OUTFLOW,BILL,599,12813.85,
1207,20240519,1,OUTFLOW,BILL,600,20611.6,
1208,20240429,1,OUTFLOW,BILL,601,2175.35,
1209,20240523,1,OUTFLOW,BILL,602,8508.98,
1210,20240509,1,OUTFLOW,BILL,603,11602.85,
1211,20240510,1,OUTFLOW,BILL,604,10949.64,
1212,20240511,1,OUTFLOW,BILL,605,5038.8,
1213,20240514,1,OUTFLOW,BILL,606,149.05,
1214,20240507,1,OUTFLOW,BILL,607,8401.04,
1215,20240531,1,INFLOW,INVOICE,608,13883.64,
1216,20240509,1,INFLOW,INVOICE,609,4551.11,
1217,20240602,1,INFLOW,INVOICE,610,6475.16,
1218,20240513,1,INFLOW,INVOICE,611,2624.83,
1219,20240507,1,INFLOW,INVOICE,612,39483.38,
1220,20240515,1,INFLOW,INVOICE,613,3095.86,
1221,20240509,1,INFLOW,INVOICE,614,13232.56,
1222,20240517,1,INFLOW,INVOICE,615,5010.67,
1223,20240612,1,INFLOW,INVOICE,616,2074.81,
1224,20240529,1,INFLOW,INVOICE,617,14446.5,
1225,20240530,1,INFLOW,INVOICE,618,3646.37,
1226,20240523,1,INFLOW,INVOICE,619,18003.07,
1227,20240524,1,INFLOW,INVOICE,620,22173.61,
1228,20240520,1,INFLOW,INVOICE,621,17652.17,
1229,20240528,1,INFLOW,INVOICE,622,320.15,
1230,20240621,1,INFLOW,INVOICE,623,13909.12,
1231,20240523,1,INFLOW,INVOICE,624,4760.65,
1232,20240531,1,INFLOW,INVOICE,625,18590.29,
1233,20240527,1,INFLOW,INVOICE,626,9127.56,
1234,20240612,1,INFLOW,INVOICE,627,16113.8,
1235,20240529,1,INFLOW,INVOICE,628,6217.0,
1236,20240629,1,INFLOW,INVOICE,629,6879.67,
1237,20240615,1,INFLOW,INVOICE,630,1400.94,
1238,20240508,1,OUTFLOW,BILL,608,18902.25,
1239,20240517,1,OUTFLOW,BILL,609,92.21,
1240,20240518,1,OUTFLOW,BILL,610,29803.98,
1241,20240506,1,OUTFLOW,BILL,611,6754.83,
1242,20240606,1,OUTFLOW,BILL,612,9295.44,
1243,20240523,1,OUTFLOW,BILL,613,3392.9,
1244,20240509,1,OUTFLOW,BILL,614,15647.42,
1245,20240517,1,OUTFLOW,BILL,615,919.47,
1246,20240520,1,OUTFLOW,BILL,616,23764.29,
1247,20240529,1,OUTFLOW,BILL,617,20307.37,
1248,20240530,1,OUTFLOW,BILL,618,2807.18,
1249,20240615,1,OUTFLOW,BILL,619,19110.82,
1250,20240524,1,OUTFLOW,BILL,620,17799.28,
1251,20240527,1,OUTFLOW,BILL,621,11535.13,
1252,20240605,1,OUTFLOW,BILL,622,5392.87,
1253,20240621,1,OUTFLOW,BILL,623,3652.98,
1254,20240607,1,OUTFLOW,BILL,624,3040.83,
1255,20240608,1,OUTFLOW,BILL,625,4423.94,
1256,20240626,1,OUTFLOW,BILL,626,26971.53,
1257,20240528,1,OUTFLOW,BILL,627,932.03,
1258,20240613,1,OUTFLOW,BILL,628,20358.1,
1259,20240530,1,OUTFLOW,BILL,629,4948.17,
1260,20240615,1,OUTFLOW,BILL,630,8502.71,
1261,20240603,1,INFLOW,INVOICE,631,28108.55,
1262,20240604,1,INFLOW,INVOICE,632,6008.4,
1263,20240705,1,INFLOW,INVOICE,633,40880.49,
1264,20240621,1,INFLOW,INVOICE,634,7461.32,
1265,20240622,1,INFLOW,INVOICE,635,1261.12,
1266,20240610,1,INFLOW,INVOICE,636,15039.82,
1267,20240618,1,INFLOW,INVOICE,637,11804.67,
1268,20240627,1,INFLOW,INVOICE,638,15407.92,
1269,20240620,1,INFLOW,INVOICE,639,31434.17,
1270,20240614,1,INFLOW,INVOICE,640,15569.5,
1271,20240702,1,INFLOW,INVOICE,641,9820.37,
1272,20240618,1,INFLOW,INVOICE,642,20232.96,
1273,20240626,1,INFLOW,INVOICE,643,11623.37,
1274,20240720,1,INFLOW,INVOICE,644,5449.81,
1275,20240706,1,INFLOW,INVOICE,645,22531.07,
1276,20240701,1,INFLOW,INVOICE,646,2607.23,
1277,20240702,1,INFLOW,INVOICE,647,13030.99,
1278,20240726,1,INFLOW,INVOICE,648,22168.94,
1279,20240627,1,INFLOW,INVOICE,649,13656.69,
1280,20240728,1,INFLOW,INVOICE,650,12417.1,
1281,20240610,1,OUTFLOW,BILL,631,24588.15,
1282,20240704,1,OUTFLOW,BILL,632,10297.21,
1283,20240605,1,OUTFLOW,BILL,633,52237.15,
1284,20240706,1,OUTFLOW,BILL,634,7816.24,
1285,20240707,1,OUTFLOW,BILL,635,9402.97,
1286,20240710,1,OUTFLOW,BILL,636,59138.11,
1287,20240611,1,OUTFLOW,BILL,637,3438.45,
1288,20240627,1,OUTFLOW,BILL,638,37295.67,
1289,20240713,1,OUTFLOW,BILL,639,571.58,
1290,20240614,1,OUTFLOW,BILL,640,7719.39,
1291,20240717,1,OUTFLOW,BILL,641,947.47,
1292,20240718,1,OUTFLOW,BILL,642,17056.65,
1293,20240626,1,OUTFLOW,BILL,643,12239.73,
1294,20240627,1,OUTFLOW,BILL,644,16010.04,
1295,20240628,1,OUTFLOW,BILL,645,6125.14,
1296,20240709,1,OUTFLOW,BILL,646,6021.23,
1297,20240725,1,OUTFLOW,BILL,647,605.48,
1298,20240703,1,OUTFLOW,BILL,648,5622.85,
1299,20240727,1,OUTFLOW,BILL,649,34585.1,
1300,20240728,1,OUTFLOW,BILL,650,6224.57,
1301,20240731,1,INFLOW,INVOICE,651,5728.65,
1302,20240702,1,INFLOW,INVOICE,652,5850.85,
1303,20240718,1,INFLOW,INVOICE,653,31067.95,
1304,20240711,1,INFLOW,INVOICE,654,5506.95,
1305,20240705,1,INFLOW,INVOICE,655,7782.08,
1306,20240723,1,INFLOW,INVOICE,656,7439.53,
1307,20240808,1,INFLOW,INVOICE,657,9887.59,
1308,20240717,1,INFLOW,INVOICE,658,13466.48,
1309,20240810,1,INFLOW,INVOICE,659,2489.2,
1310,20240712,1,INFLOW,INVOICE,660,7345.29,
1311,20240722,1,INFLOW,INVOICE,661,17069.03,
1312,20240815,1,INFLOW,INVOICE,662,6072.69,
1313,20240801,1,INFLOW,INVOICE,663,3186.5,
1314,20240802,1,INFLOW,INVOICE,664,10382.32,
1315,20240719,1,INFLOW,INVOICE,665,16949.17,
1316,20240729,1,INFLOW,INVOICE,666,636.8,
1317,20240822,1,INFLOW,INVOICE,667,14641.96,
1318,20240724,1,INFLOW,INVOICE,668,16832.45,
1319,20240725,1,INFLOW,INVOICE,669,6043.78,
1320,20240825,1,INFLOW,INVOICE,670,39959.44,
1321,20240828,1,INFLOW,INVOICE,671,15085.72,
1322,20240814,1,INFLOW,INVOICE,672,14506.09,
1323,20240815,1,INFLOW,INVOICE,673,13451.21,
1324,20240701,1,OUTFLOW,BILL,651,20485.85,
1325,20240717,1,OUTFLOW,BILL,652,14217.3,
1326,20240703,1,OUTFLOW,BILL,653,72.69,
1327,20240719,1,OUTFLOW,BILL,654,7947.84,
1328,20240705,1,OUTFLOW,BILL,655,10731.9,
1329,20240807,1,OUTFLOW,BILL,656,4594.16,
1330,20240808,1,OUTFLOW,BILL,657,4853.11,
1331,20240717,1,OUTFLOW,BILL,658,41173.1,
1332,20240726,1,OUTFLOW,BILL,659,28176.6,
1333,20240727,1,OUTFLOW,BILL,660,23977.41,
1334,20240722,1,OUTFLOW,BILL,661,6602.52,
1335,20240716,1,OUTFLOW,BILL,662,174.83,
1336,20240724,1,OUTFLOW,BILL,663,1059.95,
1337,20240802,1,OUTFLOW,BILL,664,4743.76,
1338,20240803,1,OUTFLOW,BILL,665,201.13,
1339,20240806,1,OUTFLOW,BILL,666,219.26,
1340,20240822,1,OUTFLOW,BILL,667,31487.34,
1341,20240724,1,OUTFLOW,BILL,668,15523.65,
1342,20240725,1,OUTFLOW,BILL,669,4684.19,
1343,20240810,1,OUTFLOW,BILL,670,1803.78,
1344,20240828,1,OUTFLOW,BILL,671,9084.32,
1345,20240829,1,OUTFLOW,BILL,672,67.95,
1346,20240807,1,OUTFLOW,BILL,673,35330.12,
1347,20240831,1,INFLOW,INVOICE,674,3288.42,
1348,20240901,1,INFLOW,INVOICE,675,341.75,
1349,20240812,1,INFLOW,INVOICE,676,26696.94,
1350,20240821,1,INFLOW,INVOICE,677,16633.39,
1351,20240807,1,INFLOW,INVOICE,678,21264.32,
1352,20240823,1,INFLOW,INVOICE,679,32196.29,
1353,20240908,1,INFLOW,INVOICE,680,28704.19,
1354,20240812,1,INFLOW,INVOICE,681,57319.33,
1355,20240912,1,INFLOW,INVOICE,682,13573.04,
1356,20240829,1,INFLOW,INVOICE,683,11852.27,
1357,20240914,1,INFLOW,INVOICE,684,9086.8,
1358,20240823,1,INFLOW,INVOICE,685,2950.18,
1359,20240903,1,INFLOW,INVOICE,686,15028.43,
1360,20240820,1,INFLOW,INVOICE,687,5734.56,
1361,20240905,1,INFLOW,INVOICE,688,44944.78,
1362,20240829,1,INFLOW,INVOICE,689,15471.74,
1363,20240922,1,INFLOW,INVOICE,690,15885.84,
1364,20240910,1,INFLOW,INVOICE,691,7750.45,
1365,20240911,1,INFLOW,INVOICE,692,943.9,
1366,20240828,1,INFLOW,INVOICE,693,570.31,
1367,20240928,1,INFLOW,INVOICE,694,9732.42,
1368,20240906,1,INFLOW,INVOICE,695,1562.09,
1369,20240801,1,OUTFLOW,BILL,674,5956.96,
1370,20240802,1,OUTFLOW,BILL,675,13087.41,
1371,20240904,1,OUTFLOW,BILL,676,25399.76,
1372,20240821,1,OUTFLOW,BILL,677,8775.52,
1373,20240822,1,OUTFLOW,BILL,678,3001.08,
1374,20240907,1,OUTFLOW,BILL,679,10504.38,
1375,20240816,1,OUTFLOW,BILL,680,926.19,
1376,20240911,1,OUTFLOW,BILL,681,46532.09,
1377,20240813,1,OUTFLOW,BILL,682,1267.97,
1378,20240829,1,OUTFLOW,BILL,683,9408.77,
1379,20240830,1,OUTFLOW,BILL,684,12306.13,
1380,20240915,1,OUTFLOW,BILL,685,68807.65,
1381,20240826,1,OUTFLOW,BILL,686,2960.05,
1382,20240919,1,OUTFLOW,BILL,687,1981.41,
1383,20240920,1,OUTFLOW,BILL,688,142.57,
1384,20240829,1,OUTFLOW,BILL,689,2757.01,
1385,20240922,1,OUTFLOW,BILL,690,3787.14,
1386,20240925,1,OUTFLOW,BILL,691,16236.38,
1387,20240903,1,OUTFLOW,BILL,692,4044.91,
1388,20240828,1,OUTFLOW,BILL,693,338.06,
1389,20240905,1,OUTFLOW,BILL,694,28569.69,
1390,20240830,1,OUTFLOW,BILL,695,7419.66,
1391,20240909,1,INFLOW,INVOICE,696,13065.25,
1392,20240910,1,INFLOW,INVOICE,697,5863.17,
1393,20240919,1,INFLOW,INVOICE,698,7858.63,
1394,20240912,1,INFLOW,INVOICE,699,25454.38,
1395,20240913,1,INFLOW,INVOICE,700,24038.95,
1396,20241009,1,INFLOW,INVOICE,701,18555.44,
1397,20240917,1,INFLOW,INVOICE,702,7775.96,
1398,20241011,1,INFLOW,INVOICE,703,14521.26,
1399,20241012,1,INFLOW,INVOICE,704,7837.27,
1400,20240928,1,INFLOW,INVOICE,705,22197.28,
1401,20241001,1,INFLOW,INVOICE,706,5616.48,
1402,20240924,1,INFLOW,INVOICE,707,38293.27,
1403,20240918,1,INFLOW,INVOICE,708,29342.98,
1404,20241004,1,INFLOW,INVOICE,709,14745.08,
1405,20240920,1,INFLOW,INVOICE,710,3570.54,
1406,20241023,1,INFLOW,INVOICE,711,1538.13,
1407,20241009,1,INFLOW,INVOICE,712,21018.15,
1408,20241025,1,INFLOW,INVOICE,713,1968.75,
1409,20240926,1,INFLOW,INVOICE,714,20985.0,
1410,20241004,1,INFLOW,INVOICE,715,7353.12,
1411,20241030,1,INFLOW,INVOICE,716,5685.68,
1412,20240902,1,OUTFLOW,BILL,696,5202.93,
1413,20240918,1,OUTFLOW,BILL,697,2907.73,
1414,20241004,1,OUTFLOW,BILL,698,3396.14,
1415,20240920,1,OUTFLOW,BILL,699,8900.25,
1416,20240906,1,OUTFLOW,BILL,700,2450.57,
1417,20241009,1,OUTFLOW,BILL,701,3833.11,
1418,20241010,1,OUTFLOW,BILL,702,2980.08,
1419,20240911,1,OUTFLOW,BILL,703,32665.71,
1420,20240919,1,OUTFLOW,BILL,704,31874.27,
1421,20240928,1,OUTFLOW,BILL,705,10367.84,
1422,20241016,1,OUTFLOW,BILL,706,28455.51,
1423,20241017,1,OUTFLOW,BILL,707,16969.26,
1424,20240925,1,OUTFLOW,BILL,708,9817.35,
1425,20241019,1,OUTFLOW,BILL,709,71.1,
1426,20240920,1,OUTFLOW,BILL,710,16306.0,
1427,20240930,1,OUTFLOW,BILL,711,13350.51,
1428,20241009,1,OUTFLOW,BILL,712,10518.85,
1429,20240925,1,OUTFLOW,BILL,713,15735.65,
1430,20240926,1,OUTFLOW,BILL,714,7921.66,
1431,20240927,1,OUTFLOW,BILL,715,13409.71,
1432,20241007,1,OUTFLOW,BILL,716,30130.5,
1433,20241016,1,INFLOW,INVOICE,717,6136.66,
1434,20241002,1,INFLOW,INVOICE,718,7160.51,
1435,20241010,1,INFLOW,INVOICE,719,6168.26,
1436,20241103,1,INFLOW,INVOICE,720,751.65,
1437,20241022,1,INFLOW,INVOICE,721,17975.34,
1438,20241107,1,INFLOW,INVOICE,722,16129.8,
1439,20241108,1,INFLOW,INVOICE,723,18789.74,
1440,20241109,1,INFLOW,INVOICE,724,3787.56,
1441,20241110,1,INFLOW,INVOICE,725,6215.5,
1442,20241014,1,INFLOW,INVOICE,726,17141.15,
1443,20241114,1,INFLOW,INVOICE,727,16232.93,
1444,20241115,1,INFLOW,INVOICE,728,12518.18,
1445,20241101,1,INFLOW,INVOICE,729,7650.75,
1446,20241018,1,INFLOW,INVOICE,730,43289.48,
1447,20241105,1,INFLOW,INVOICE,731,7362.55,
1448,20241106,1,INFLOW,INVOICE,732,10784.11,
1449,20241122,1,INFLOW,INVOICE,733,20102.42,
1450,20241031,1,INFLOW,INVOICE,734,13887.77,
1451,20241025,1,INFLOW,INVOICE,735,7554.72,
1452,20241127,1,INFLOW,INVOICE,736,10145.07,
1453,20241105,1,INFLOW,INVOICE,737,28058.9,
1454,20241114,1,INFLOW,INVOICE,738,5779.65,
1455,20241031,1,INFLOW,INVOICE,739,2721.25,
1456,20241031,1,OUTFLOW,BILL,717,1038.11,
1457,20241101,1,OUTFLOW,BILL,718,24172.03,
1458,20241010,1,OUTFLOW,BILL,719,13054.72,
1459,20241103,1,OUTFLOW,BILL,720,5283.62,
1460,20241022,1,OUTFLOW,BILL,721,17045.56,
1461,20241008,1,OUTFLOW,BILL,722,2443.01,
1462,20241016,1,OUTFLOW,BILL,723,10750.17,
1463,20241017,1,OUTFLOW,BILL,724,16506.31,
1464,20241110,1,OUTFLOW,BILL,725,3756.55,
1465,20241029,1,OUTFLOW,BILL,726,12060.14,
1466,20241022,1,OUTFLOW,BILL,727,2976.8,
1467,20241031,1,OUTFLOW,BILL,728,3022.63,
1468,20241101,1,OUTFLOW,BILL,729,964.0,
1469,20241018,1,OUTFLOW,BILL,730,4937.11,
1470,20241105,1,OUTFLOW,BILL,731,11137.8,
1471,20241121,1,OUTFLOW,BILL,732,23983.08,
1472,20241030,1,OUTFLOW,BILL,733,7881.95,
1473,20241123,1,OUTFLOW,BILL,734,16931.15,
1474,20241109,1,OUTFLOW,BILL,735,14717.58,
1475,20241127,1,OUTFLOW,BILL,736,1620.66,
1476,20241113,1,OUTFLOW,BILL,737,5662.92,
1477,20241129,1,OUTFLOW,BILL,738,1058.59,
1478,20241115,1,OUTFLOW,BILL,739,9757.94,
1479,20241116,1,INFLOW,INVOICE,740,3383.6,
1480,20241104,1,INFLOW,INVOICE,741,62522.26,
1481,20241205,1,INFLOW,INVOICE,742,11739.9,
1482,20241206,1,INFLOW,INVOICE,743,2038.78,
1483,20241107,1,INFLOW,INVOICE,744,16039.01,
1484,20241115,1,INFLOW,INVOICE,745,31334.24,
1485,20241126,1,INFLOW,INVOICE,746,18787.26,
1486,20241119,1,INFLOW,INVOICE,747,1092.71,
1487,20241128,1,INFLOW,INVOICE,748,31086.62,
1488,20241121,1,INFLOW,INVOICE,749,21705.12,
1489,20241122,1,INFLOW,INVOICE,750,2368.15,
1490,20241203,1,INFLOW,INVOICE,751,730.7,
1491,20241126,1,INFLOW,INVOICE,752,11197.73,
1492,20241120,1,INFLOW,INVOICE,753,2331.17,
1493,20241128,1,INFLOW,INVOICE,754,24725.46,
1494,20241122,1,INFLOW,INVOICE,755,6096.92,
1495,20241225,1,INFLOW,INVOICE,756,33537.55,
1496,20241211,1,INFLOW,INVOICE,757,11460.27,
1497,20241212,1,INFLOW,INVOICE,758,2771.86,
1498,20241213,1,INFLOW,INVOICE,759,2066.12,
1499,20241214,1,INFLOW,INVOICE,760,11805.78,
1500,20241108,1,OUTFLOW,BILL,740,1445.92,
1501,20241204,1,OUTFLOW,BILL,741,7924.82,
1502,20241120,1,OUTFLOW,BILL,742,14474.67,
1503,20241206,1,OUTFLOW,BILL,743,9339.73,
1504,20241122,1,OUTFLOW,BILL,744,32453.35,
1505,20241208,1,OUTFLOW,BILL,745,30499.18,
1506,20241118,1,OUTFLOW,BILL,746,17122.35,
1507,20241112,1,OUTFLOW,BILL,747,8459.53,
1508,20241213,1,OUTFLOW,BILL,748,5334.44,
1509,20241121,1,OUTFLOW,BILL,749,2024.85,
1510,20241115,1,OUTFLOW,BILL,750,7931.32,
1511,20241218,1,OUTFLOW,BILL,751,9644.39,
1512,20241126,1,OUTFLOW,BILL,752,20381.95,
1513,20241205,1,OUTFLOW,BILL,753,19422.01,
1514,20241121,1,OUTFLOW,BILL,754,1315.18,
1515,20241129,1,OUTFLOW,BILL,755,9100.34,
1516,20241202,1,OUTFLOW,BILL,756,3630.01,
1517,20241126,1,OUTFLOW,BILL,757,3086.18,
1518,20241127,1,OUTFLOW,BILL,758,31776.4,
1519,20241128,1,OUTFLOW,BILL,759,774.76,
1520,20241129,1,OUTFLOW,BILL,760,9830.67,
1521,20241209,1,INFLOW,INVOICE,761,8641.06,
1522,20241231,1,INFLOW,INVOICE,762,21606.93,
1523,20241211,1,INFLOW,INVOICE,763,86169.41,
1524,20241220,1,INFLOW,INVOICE,764,3025.27,
1525,20241221,1,INFLOW,INVOICE,765,8778.9,
1526,20241209,1,INFLOW,INVOICE,766,8041.64,
1527,20241210,1,INFLOW,INVOICE,767,5178.77,
1528,20241226,1,INFLOW,INVOICE,768,3148.59,
1529,20241231,1,INFLOW,INVOICE,769,969.1,
1530,20241231,1,INFLOW,INVOICE,770,31111.71,
1531,20241231,1,INFLOW,INVOICE,771,7765.24,
1532,20241224,1,INFLOW,INVOICE,772,9797.46,
1533,20241225,1,INFLOW,INVOICE,773,35487.22,
1534,20241231,1,INFLOW,INVOICE,774,21356.18,
1535,20241220,1,INFLOW,INVOICE,775,1994.39,
1536,20241230,1,INFLOW,INVOICE,776,11885.69,
1537,20241224,1,INFLOW,INVOICE,777,8326.91,
1538,20241231,1,INFLOW,INVOICE,778,22756.47,
1539,20241231,1,INFLOW,INVOICE,779,18372.41,
1540,20241231,1,INFLOW,INVOICE,780,16722.22,
1541,20241231,1,INFLOW,INVOICE,781,5937.91,
1542,20241231,1,INFLOW,INVOICE,782,23312.41,
1543,20241209,1,OUTFLOW,BILL,761,26361.71,
1544,20241203,1,OUTFLOW,BILL,762,9975.72,
1545,20241204,1,OUTFLOW,BILL,763,18403.26,
1546,20241231,1,OUTFLOW,BILL,764,138.31,
1547,20241206,1,OUTFLOW,BILL,765,1407.63,
1548,20241231,1,OUTFLOW,BILL,766,16889.57,
1549,20241231,1,OUTFLOW,BILL,767,18395.98,
1550,20241211,1,OUTFLOW,BILL,768,30674.59,
1551,20241219,1,OUTFLOW,BILL,769,3118.39,
1552,20241220,1,OUTFLOW,BILL,770,15861.84,
1553,20241231,1,OUTFLOW,BILL,771,4764.43,
1554,20241231,1,OUTFLOW,BILL,772,2155.6,
1555,20241225,1,OUTFLOW,BILL,773,11644.59,
1556,20241231,1,OUTFLOW,BILL,774,3929.47,
1557,20241231,1,OUTFLOW,BILL,775,5525.09,
1558,20241230,1,OUTFLOW,BILL,776,8418.74,
1559,20241231,1,OUTFLOW,BILL,777,6616.46,
1560,20241225,1,OUTFLOW,BILL,778,2019.83,
1561,20241231,1,OUTFLOW,BILL,779,2076.05,
1562,20241231,1,OUTFLOW,BILL,780,4731.68,
1563,20241231,1,OUTFLOW,BILL,781,1143.19,
1564,20241231,1,OUTFLOW,BILL,782,21697.76,
