date_id,account_id,opening_balance,inflow,outflow,closing_balance
20220101,1,300000.0,0.0,0.0,300000.0
20220102,1,300000.0,0.0,0.0,300000.0
20220103,1,300000.0,0.0,0.0,300000.0
20220104,1,300000.0,0.0,8741.7,291258.3
20220105,1,291258.3,0.0,0.0,291258.3
20220106,1,291258.3,0.0,0.0,291258.3
20220107,1,291258.3,2180.49,0.0,293438.79
20220108,1,293438.79,0.0,0.0,293438.79
20220109,1,293438.79,0.0,0.0,293438.79
20220110,1,293438.79,35208.85,7082.05,321565.59
20220111,1,321565.59,26120.11,23260.29,324425.41
20220112,1,324425.41,0.0,0.0,324425.41
20220113,1,324425.41,1162.72,9821.86,315766.27
20220114,1,315766.27,0.0,0.0,315766.27
20220115,1,315766.27,0.0,0.0,315766.27
20220116,1,315766.27,0.0,0.0,315766.27
20220117,1,315766.27,0.0,0.0,315766.27
20220118,1,315766.27,40404.39,0.0,356170.66
20220119,1,356170.66,0.0,0.0,356170.66
20220120,1,356170.66,0.0,0.0,356170.66
20220121,1,356170.66,7859.55,0.0,364030.21
20220122,1,364030.21,0.0,52915.65,311114.56
20220123,1,311114.56,0.0,0.0,311114.56
20220124,1,311114.56,2255.25,4011.33,309358.48
20220125,1,309358.48,22117.0,0.0,331475.48
20220126,1,331475.48,0.0,0.0,331475.48
20220127,1,331475.48,45753.48,18208.7,359020.26
20220128,1,359020.26,11315.29,21225.51,349110.04
20220129,1,349110.04,6595.27,8105.28,347600.03
20220130,1,347600.03,0.0,0.0,347600.03
20220131,1,347600.03,0.0,1495.92,346104.11
20220201,1,346104.11,26181.72,0.0,372285.83
20220202,1,372285.83,37807.15,47891.59,362201.39
20220203,1,362201.39,17969.6,0.0,380170.99
20220204,1,380170.99,1362.11,2903.15,378629.95
20220205,1,378629.95,0.0,0.0,378629.95
20220206,1,378629.95,0.0,0.0,378629.95
20220207,1,378629.95,12054.49,0.0,390684.44
20220208,1,390684.44,0.0,6240.23,384444.21
20220209,1,384444.21,35537.44,4108.56,415873.09
20220210,1,415873.09,27067.01,0.0,442940.1
20220211,1,442940.1,10644.15,11.61,453572.64
20220212,1,453572.64,0.0,0.0,453572.64
20220213,1,453572.64,0.0,0.0,453572.64
20220214,1,453572.64,8123.32,6874.75,454821.21
20220215,1,454821.21,0.0,0.0,454821.21
20220216,1,454821.21,6964.01,11592.0,450193.22
20220217,1,450193.22,23157.21,21085.72,452264.71
20220218,1,452264.71,23317.46,42556.22,433025.95
20220219,1,433025.95,0.0,26288.72,406737.23
20220220,1,406737.23,0.0,6998.88,399738.35
20220221,1,399738.35,0.0,0.0,399738.35
20220222,1,399738.35,0.0,0.0,399738.35
20220223,1,399738.35,0.0,10206.96,389531.39
20220224,1,389531.39,0.0,0.0,389531.39
20220225,1,389531.39,0.0,5504.43,384026.96
20220226,1,384026.96,14587.73,0.0,398614.69
20220227,1,398614.69,26096.66,0.0,424711.35
20220228,1,424711.35,0.0,0.0,424711.35
20220301,1,424711.35,0.0,19420.39,405290.96
20220302,1,405290.96,2715.93,4423.69,403583.2
20220303,1,403583.2,35251.76,153.33,438681.63
20220304,1,438681.63,47967.55,58172.52,428476.66
20220305,1,428476.66,0.0,9816.84,418659.82
20220306,1,418659.82,0.0,15589.71,403070.11
20220307,1,403070.11,13184.41,5501.67,410752.85
20220308,1,410752.85,3010.37,0.0,413763.22
20220309,1,413763.22,2063.69,21418.19,394408.72
20220310,1,394408.72,45185.71,22136.73,417457.7
20220311,1,417457.7,3251.33,0.0,420709.03
20220312,1,420709.03,0.0,0.0,420709.03
20220313,1,420709.03,0.0,12616.48,408092.55
20220314,1,408092.55,0.0,26651.43,381441.12
20220315,1,381441.12,0.0,29299.22,352141.9
20220316,1,352141.9,0.0,7624.59,344517.31
20220317,1,344517.31,29820.49,11330.01,363007.79
20220318,1,363007.79,40249.95,151.7,403106.04
20220319,1,403106.04,0.0,0.0,403106.04
20220320,1,403106.04,0.0,0.0,403106.04
20220321,1,403106.04,34773.59,28332.14,409547.49
20220322,1,409547.49,0.0,7322.67,402224.82
20220323,1,402224.82,23556.07,50150.5,375630.39
20220324,1,375630.39,1092.68,34199.65,342523.42
20220325,1,342523.42,0.0,15877.14,326646.28
20220326,1,326646.28,0.0,0.0,326646.28
20220327,1,326646.28,0.0,0.0,326646.28
20220328,1,326646.28,0.0,0.0,326646.28
20220329,1,326646.28,4224.03,0.0,330870.31
20220330,1,330870.31,17318.12,1352.83,346835.6
20220331,1,346835.6,0.0,16397.4,330438.2
20220401,1,330438.2,42172.74,0.0,372610.94
20220402,1,372610.94,19654.29,0.0,392265.23
20220403,1,392265.23,0.0,0.0,392265.23
20220404,1,392265.23,0.0,11120.76,381144.47
20220405,1,381144.47,0.0,8378.56,372765.91
20220406,1,372765.91,15923.02,28395.45,360293.48
20220407,1,360293.48,8304.74,0.0,368598.22
20220408,1,368598.22,0.0,0.0,368598.22
20220409,1,368598.22,0.0,0.0,368598.22
20220410,1,368598.22,10403.36,0.0,379001.58
20220411,1,379001.58,41982.55,0.0,420984.13
20220412,1,420984.13,27472.25,0.0,448456.38
20220413,1,448456.38,0.0,0.0,448456.38
20220414,1,448456.38,0.0,10665.28,437791.1
20220415,1,437791.1,71553.8,17001.31,492343.59
20220416,1,492343.59,9713.03,5045.1,497011.52
20220417,1,497011.52,0.0,9410.3,487601.22
20220418,1,487601.22,5561.75,0.0,493162.97
20220419,1,493162.97,9519.5,0.0,502682.47
20220420,1,502682.47,20309.4,1089.05,521902.82
20220421,1,521902.82,0.0,6538.78,515364.04
20220422,1,515364.04,0.0,10628.23,504735.81
20220423,1,504735.81,4843.47,0.0,509579.28
20220424,1,509579.28,0.0,0.0,509579.28
20220425,1,509579.28,1334.82,26823.46,484090.64
20220426,1,484090.64,6032.18,66324.47,423798.35
20220427,1,423798.35,43963.68,0.0,467762.03
20220428,1,467762.03,24176.13,0.0,491938.16
20220429,1,491938.16,8130.84,0.0,500069.0
20220430,1,500069.0,7032.57,0.0,507101.57
20220501,1,507101.57,0.0,0.0,507101.57
20220502,1,507101.57,0.0,16670.31,490431.26
20220503,1,490431.26,0.0,11473.24,478958.02
20220504,1,478958.02,1967.64,7173.43,473752.23
20220505,1,473752.23,4063.76,8586.38,469229.61
20220506,1,469229.61,48266.02,9459.04,508036.59
20220507,1,508036.59,0.0,0.0,508036.59
20220508,1,508036.59,0.0,0.0,508036.59
20220509,1,508036.59,54843.31,0.0,562879.9
20220510,1,562879.9,30519.07,0.0,593398.97
20220511,1,593398.97,7757.82,14426.46,586730.33
20220512,1,586730.33,0.0,31997.83,554732.5
20220513,1,554732.5,2153.7,23975.8,532910.4
20220514,1,532910.4,21887.62,14940.15,539857.87
20220515,1,539857.87,0.0,0.0,539857.87
20220516,1,539857.87,0.0,0.0,539857.87
20220517,1,539857.87,0.0,0.0,539857.87
20220518,1,539857.87,398.1,8548.37,531707.6
20220519,1,531707.6,0.0,26312.26,505395.34
20220520,1,505395.34,0.0,0.0,505395.34
20220521,1,505395.34,11130.33,1737.01,514788.66
20220522,1,514788.66,0.0,0.0,514788.66
20220523,1,514788.66,499.22,0.0,515287.88
20220524,1,515287.88,15676.88,5245.6,525719.16
20220525,1,525719.16,5440.87,0.0,531160.03
20220526,1,531160.03,0.0,1884.74,529275.29
20220527,1,529275.29,51742.62,30942.04,550075.87
20220528,1,550075.87,0.0,0.0,550075.87
20220529,1,550075.87,0.0,0.0,550075.87
20220530,1,550075.87,0.0,19555.63,530520.24
20220531,1,530520.24,15880.98,54818.28,491582.94
20220601,1,491582.94,29030.32,35379.31,485233.95
20220602,1,485233.95,21231.93,0.0,506465.88
20220603,1,506465.88,4609.96,3108.84,507967.0
20220604,1,507967.0,0.0,2837.29,505129.71
20220605,1,505129.71,0.0,0.0,505129.71
20220606,1,505129.71,13689.19,1763.77,517055.13
20220607,1,517055.13,0.0,0.0,517055.13
20220608,1,517055.13,0.0,1622.62,515432.51
20220609,1,515432.51,1402.42,5114.47,511720.46
20220610,1,511720.46,80458.97,10560.95,581618.48
20220611,1,581618.48,4125.07,5899.91,579843.64
20220612,1,579843.64,30143.52,0.0,609987.16
20220613,1,609987.16,0.0,0.0,609987.16
20220614,1,609987.16,37316.91,0.0,647304.07
20220615,1,647304.07,12606.3,4698.92,655211.45
20220616,1,655211.45,8913.82,32320.45,631804.82
20220617,1,631804.82,0.0,23478.47,608326.35
20220618,1,608326.35,0.0,0.0,608326.35
20220619,1,608326.35,0.0,5984.01,602342.34
20220620,1,602342.34,0.0,37411.44,564930.9
20220621,1,564930.9,0.0,3863.77,561067.13
20220622,1,561067.13,16745.84,0.0,577812.97
20220623,1,577812.97,17210.31,774.75,594248.53
20220624,1,594248.53,447.02,6886.5,587809.05
20220625,1,587809.05,27548.36,0.0,615357.41
20220626,1,615357.41,0.0,0.0,615357.41
20220627,1,615357.41,8570.47,7537.14,616390.74
20220628,1,616390.74,5237.57,0.0,621628.31
20220629,1,621628.31,0.0,1735.95,619892.36
20220630,1,619892.36,10443.2,13593.75,616741.81
20220701,1,616741.81,0.0,0.0,616741.81
20220702,1,616741.81,0.0,1912.81,614829.0
20220703,1,614829.0,0.0,0.0,614829.0
20220704,1,614829.0,6893.02,0.0,621722.02
20220705,1,621722.02,0.0,15735.34,605986.68
20220706,1,605986.68,14869.86,3042.79,617813.75
20220707,1,617813.75,6915.79,21034.81,603694.73
20220708,1,603694.73,823.99,10231.94,594286.78
20220709,1,594286.78,0.0,0.0,594286.78
20220710,1,594286.78,0.0,0.0,594286.78
20220711,1,594286.78,7337.48,0.0,601624.26
20220712,1,601624.26,9633.41,13818.97,597438.7
20220713,1,597438.7,49734.36,7852.81,639320.25
20220714,1,639320.25,15803.3,13796.87,641326.68
20220715,1,641326.68,8968.3,0.0,650294.98
20220716,1,650294.98,11482.28,0.0,661777.26
20220717,1,661777.26,13077.42,0.0,674854.68
20220718,1,674854.68,0.0,3900.28,670954.4
20220719,1,670954.4,0.0,0.0,670954.4
20220720,1,670954.4,24280.95,27482.75,667752.6
20220721,1,667752.6,29080.24,0.0,696832.84
20220722,1,696832.84,10834.43,0.0,707667.27
20220723,1,707667.27,0.0,0.0,707667.27
20220724,1,707667.27,0.0,24551.5,683115.77
20220725,1,683115.77,4098.06,0.0,687213.83
20220726,1,687213.83,0.0,27375.22,659838.61
20220727,1,659838.61,0.0,0.0,659838.61
20220728,1,659838.61,33049.14,0.0,692887.75
20220729,1,692887.75,6324.86,85054.27,614158.34
20220730,1,614158.34,2812.47,6341.13,610629.68
20220731,1,610629.68,0.0,10074.31,600555.37
20220801,1,600555.37,0.0,2265.13,598290.24
20220802,1,598290.24,0.0,0.0,598290.24
20220803,1,598290.24,35823.5,12272.12,621841.62
20220804,1,621841.62,32524.92,19581.89,634784.65
20220805,1,634784.65,0.0,19041.95,615742.7
20220806,1,615742.7,63051.89,0.0,678794.59
20220807,1,678794.59,0.0,12604.9,666189.69
20220808,1,666189.69,55946.81,0.0,722136.5
20220809,1,722136.5,15789.72,0.0,737926.22
20220810,1,737926.22,0.0,1606.56,736319.66
20220811,1,736319.66,14809.86,4471.94,746657.58
20220812,1,746657.58,0.0,26512.42,720145.16
20220813,1,720145.16,0.0,0.0,720145.16
20220814,1,720145.16,0.0,0.0,720145.16
20220815,1,720145.16,0.0,3642.92,716502.24
20220816,1,716502.24,0.0,8632.9,707869.34
20220817,1,707869.34,0.0,44957.35,662911.99
20220818,1,662911.99,0.0,0.0,662911.99
20220819,1,662911.99,78423.71,0.0,741335.7
20220820,1,741335.7,2665.64,0.0,744001.34
20220821,1,744001.34,0.0,0.0,744001.34
20220822,1,744001.34,9483.95,0.0,753485.29
20220823,1,753485.29,3121.52,0.0,756606.81
20220824,1,756606.81,15179.92,35995.07,735791.66
20220825,1,735791.66,9208.71,13891.9,731108.47
20220826,1,731108.47,43589.05,9457.4,765240.12
20220827,1,765240.12,0.0,17514.41,747725.71
20220828,1,747725.71,0.0,13591.91,734133.8
20220829,1,734133.8,0.0,39144.44,694989.36
20220830,1,694989.36,924.09,27435.21,668478.24
20220831,1,668478.24,20312.69,3179.35,685611.58
20220901,1,685611.58,944.01,0.0,686555.59
20220902,1,686555.59,0.0,8689.68,677865.91
20220903,1,677865.91,3203.29,1663.34,679405.86
20220904,1,679405.86,0.0,0.0,679405.86
20220905,1,679405.86,0.0,1556.76,677849.1
20220906,1,677849.1,0.0,0.0,677849.1
20220907,1,677849.1,9845.8,26593.66,661101.24
20220908,1,661101.24,25166.84,31758.64,654509.44
20220909,1,654509.44,506.24,26374.77,628640.91
20220910,1,628640.91,9897.99,0.0,638538.9
20220911,1,638538.9,0.0,0.0,638538.9
20220912,1,638538.9,3706.34,21829.7,620415.54
20220913,1,620415.54,0.0,0.0,620415.54
20220914,1,620415.54,1761.41,0.0,622176.95
20220915,1,622176.95,12302.06,6642.45,627836.56
20220916,1,627836.56,5736.97,0.0,633573.53
20220917,1,633573.53,22775.83,207.83,656141.53
20220918,1,656141.53,0.0,0.0,656141.53
20220919,1,656141.53,10050.24,0.0,666191.77
20220920,1,666191.77,77398.12,3039.22,740550.67
20220921,1,740550.67,40002.29,0.0,780552.96
20220922,1,780552.96,0.0,2645.34,777907.62
20220923,1,777907.62,14912.39,2166.21,790653.8
20220924,1,790653.8,980.37,8260.11,783374.06
20220925,1,783374.06,0.0,0.0,783374.06
20220926,1,783374.06,0.0,0.0,783374.06
20220927,1,783374.06,0.0,0.0,783374.06
20220928,1,783374.06,11312.6,20050.08,774636.58
20220929,1,774636.58,0.0,17382.08,757254.5
20220930,1,757254.5,34064.7,46508.54,744810.66
20221001,1,744810.66,0.0,12470.05,732340.61
20221002,1,732340.61,0.0,0.0,732340.61
20221003,1,732340.61,0.0,0.0,732340.61
20221004,1,732340.61,0.0,20442.08,711898.53
20221005,1,711898.53,22207.39,0.0,734105.92
20221006,1,734105.92,11058.38,31747.6,713416.7
20221007,1,713416.7,25873.71,2107.2,737183.21
20221008,1,737183.21,0.0,0.0,737183.21
20221009,1,737183.21,0.0,0.0,737183.21
20221010,1,737183.21,0.0,0.0,737183.21
20221011,1,737183.21,5543.01,89165.12,653561.1
20221012,1,653561.1,13172.81,23813.82,642920.09
20221013,1,642920.09,0.0,17093.36,625826.73
20221014,1,625826.73,13330.77,0.0,639157.5
20221015,1,639157.5,18835.24,11376.88,646615.86
20221016,1,646615.86,0.0,0.0,646615.86
20221017,1,646615.86,46427.35,7065.64,685977.57
20221018,1,685977.57,37181.06,0.0,723158.63
20221019,1,723158.63,0.0,33071.3,690087.33
20221020,1,690087.33,6942.49,0.0,697029.82
20221021,1,697029.82,0.0,10199.35,686830.47
20221022,1,686830.47,0.0,0.0,686830.47
20221023,1,686830.47,0.0,0.0,686830.47
20221024,1,686830.47,806.9,5189.02,682448.35
20221025,1,682448.35,0.0,3333.47,679114.88
20221026,1,679114.88,55622.38,0.0,734737.26
20221027,1,734737.26,8000.96,0.0,742738.22
20221028,1,742738.22,42167.74,19992.57,764913.39
20221029,1,764913.39,56287.97,27442.2,793759.16
20221030,1,793759.16,0.0,0.0,793759.16
20221031,1,793759.16,27965.32,0.0,821724.48
20221101,1,821724.48,0.0,0.0,821724.48
20221102,1,821724.48,8689.31,14780.13,815633.66
20221103,1,815633.66,0.0,0.0,815633.66
20221104,1,815633.66,8881.7,7785.44,816729.92
20221105,1,816729.92,1681.66,6393.96,812017.62
20221106,1,812017.62,0.0,7572.23,804445.39
20221107,1,804445.39,8210.62,0.0,812656.01
20221108,1,812656.01,0.0,57549.6,755106.41
20221109,1,755106.41,4058.98,0.0,759165.39
20221110,1,759165.39,0.0,0.0,759165.39
20221111,1,759165.39,58.61,0.0,759224.0
20221112,1,759224.0,65792.01,6509.24,818506.77
20221113,1,818506.77,0.0,0.0,818506.77
20221114,1,818506.77,0.0,8694.58,809812.19
20221115,1,809812.19,3562.12,377.14,812997.17
20221116,1,812997.17,3922.47,14408.08,802511.56
20221117,1,802511.56,0.0,703.33,801808.23
20221118,1,801808.23,83360.65,0.0,885168.88
20221119,1,885168.88,0.0,22031.2,863137.68
20221120,1,863137.68,0.0,0.0,863137.68
20221121,1,863137.68,11584.05,0.0,874721.73
20221122,1,874721.73,0.0,12956.99,861764.74
20221123,1,861764.74,0.0,8324.56,853440.18
20221124,1,853440.18,0.0,0.0,853440.18
20221125,1,853440.18,0.0,4632.2,848807.98
20221126,1,848807.98,0.0,9809.0,838998.98
20221127,1,838998.98,0.0,0.0,838998.98
20221128,1,838998.98,0.0,57342.46,781656.52
20221129,1,781656.52,0.0,8759.75,772896.77
20221130,1,772896.77,9034.82,0.0,781931.59
20221201,1,781931.59,15775.1,28796.47,768910.22
20221202,1,768910.22,9002.49,4543.99,773368.72
20221203,1,773368.72,0.0,4911.48,768457.24
20221204,1,768457.24,20690.04,0.0,789147.28
20221205,1,789147.28,0.0,0.0,789147.28
20221206,1,789147.28,32483.37,0.0,821630.65
20221207,1,821630.65,17849.25,0.0,839479.9
20221208,1,839479.9,0.0,3751.67,835728.23
20221209,1,835728.23,63824.83,3876.59,895676.47
20221210,1,895676.47,15974.82,2621.98,909029.31
20221211,1,909029.31,0.0,0.0,909029.31
20221212,1,909029.31,0.0,0.0,909029.31
20221213,1,909029.31,11816.93,61035.55,859810.69
20221214,1,859810.69,8347.67,33611.87,834546.49
20221215,1,834546.49,15402.53,30574.88,819374.14
20221216,1,819374.14,31988.45,11598.82,839763.77
20221217,1,839763.77,0.0,1339.73,838424.04
20221218,1,838424.04,0.0,0.0,838424.04
20221219,1,838424.04,0.0,0.0,838424.04
20221220,1,838424.04,0.0,0.0,838424.04
20221221,1,838424.04,1728.59,284.3,839868.33
20221222,1,839868.33,10681.69,2721.16,847828.86
20221223,1,847828.86,0.0,9434.07,838394.79
20221224,1,838394.79,1942.58,0.0,840337.37
20221225,1,840337.37,0.0,0.0,840337.37
20221226,1,840337.37,0.0,10411.91,829925.46
20221227,1,829925.46,30490.46,3052.82,857363.1
20221228,1,857363.1,34056.8,12397.13,879022.77
20221229,1,879022.77,4717.23,0.0,883740.0
20221230,1,883740.0,0.0,0.0,883740.0
20221231,1,883740.0,3007.55,0.0,886747.55
20230101,1,886747.55,0.0,0.0,886747.55
20230102,1,886747.55,0.0,23572.15,863175.4
20230103,1,863175.4,17705.99,21027.82,859853.57
20230104,1,859853.57,17324.0,14238.85,862938.72
20230105,1,862938.72,1087.82,1717.72,862308.82
20230106,1,862308.82,58132.19,6296.98,914144.03
20230107,1,914144.03,0.0,0.0,914144.03
20230108,1,914144.03,0.0,0.0,914144.03
20230109,1,914144.03,10452.4,33903.99,890692.44
20230110,1,890692.44,0.0,15925.64,874766.8
20230111,1,874766.8,3836.88,3758.72,874844.96
20230112,1,874844.96,34637.06,0.0,909482.02
20230113,1,909482.02,4753.01,6930.67,907304.36
20230114,1,907304.36,0.0,3877.01,903427.35
20230115,1,903427.35,0.0,0.0,903427.35
20230116,1,903427.35,13681.48,0.0,917108.83
20230117,1,917108.83,49883.95,3224.7,963768.08
20230118,1,963768.08,25157.22,0.0,988925.3
20230119,1,988925.3,27315.84,3556.17,1012684.97
20230120,1,1012684.97,0.0,15832.54,996852.43
20230121,1,996852.43,0.0,0.0,996852.43
20230122,1,996852.43,3871.71,5671.52,995052.62
20230123,1,995052.62,0.0,0.0,995052.62
20230124,1,995052.62,17482.31,0.0,1012534.93
20230125,1,1012534.93,10793.99,213.18,1023115.74
20230126,1,1023115.74,26490.78,0.0,1049606.52
20230127,1,1049606.52,0.0,0.0,1049606.52
20230128,1,1049606.52,0.0,0.0,1049606.52
20230129,1,1049606.52,0.0,0.0,1049606.52
20230130,1,1049606.52,0.0,46394.95,1003211.57
20230131,1,1003211.57,15533.47,2048.38,1016696.66
20230201,1,1016696.66,9172.12,0.0,1025868.78
20230202,1,1025868.78,20165.58,39885.71,1006148.65
20230203,1,1006148.65,0.0,21438.78,984709.87
20230204,1,984709.87,0.0,13072.51,971637.36
20230205,1,971637.36,2651.05,0.0,974288.41
20230206,1,974288.41,0.0,0.0,974288.41
20230207,1,974288.41,47885.1,24829.13,997344.38
20230208,1,997344.38,9007.83,0.0,1006352.21
20230209,1,1006352.21,0.0,0.0,1006352.21
20230210,1,1006352.21,13501.46,6596.8,1013256.87
20230211,1,1013256.87,23344.44,2517.51,1034083.8
20230212,1,1034083.8,0.0,0.0,1034083.8
20230213,1,1034083.8,7388.87,0.0,1041472.67
20230214,1,1041472.67,12544.78,0.0,1054017.45
20230215,1,1054017.45,0.0,0.0,1054017.45
20230216,1,1054017.45,15363.58,18576.1,1050804.93
20230217,1,1050804.93,0.0,9098.93,1041706.0
20230218,1,1041706.0,459.83,0.0,1042165.83
20230219,1,1042165.83,532.39,0.0,1042698.22
20230220,1,1042698.22,325.73,10891.77,1032132.18
20230221,1,1032132.18,0.0,38374.88,993757.3
20230222,1,993757.3,29678.3,0.0,1023435.6
20230223,1,1023435.6,22415.51,29217.14,1016633.97
20230224,1,1016633.97,55102.12,23416.37,1048319.72
20230225,1,1048319.72,0.0,482.06,1047837.66
20230226,1,1047837.66,0.0,0.0,1047837.66
20230227,1,1047837.66,4939.32,0.0,1052776.98
20230228,1,1052776.98,3856.87,0.0,1056633.85
20230301,1,1056633.85,134.39,67223.62,989544.62
20230302,1,989544.62,0.0,0.0,989544.62
20230303,1,989544.62,53373.39,4489.99,1038428.02
20230304,1,1038428.02,0.0,0.0,1038428.02
20230305,1,1038428.02,0.0,0.0,1038428.02
20230306,1,1038428.02,0.0,0.0,1038428.02
20230307,1,1038428.02,0.0,4736.18,1033691.84
20230308,1,1033691.84,0.0,11142.79,1022549.05
20230309,1,1022549.05,9268.36,24966.97,1006850.44
20230310,1,1006850.44,26602.34,7289.63,1026163.15
20230311,1,1026163.15,0.0,28573.1,997590.05
20230312,1,997590.05,0.0,0.0,997590.05
20230313,1,997590.05,0.0,2757.98,994832.07
20230314,1,994832.07,0.0,25011.57,969820.5
20230315,1,969820.5,62912.54,0.0,1032733.04
20230316,1,1032733.04,30506.05,0.0,1063239.09
20230317,1,1063239.09,0.0,16877.7,1046361.39
20230318,1,1046361.39,0.0,0.0,1046361.39
20230319,1,1046361.39,0.0,0.0,1046361.39
20230320,1,1046361.39,11710.4,22746.69,1035325.1
20230321,1,1035325.1,12844.44,6206.56,1041962.98
20230322,1,1041962.98,0.0,6844.98,1035118.0
20230323,1,1035118.0,4506.5,8290.35,1031334.15
20230324,1,1031334.15,0.0,2112.28,1029221.87
20230325,1,1029221.87,23601.73,0.0,1052823.6
20230326,1,1052823.6,0.0,0.0,1052823.6
20230327,1,1052823.6,0.0,0.0,1052823.6
20230328,1,1052823.6,0.0,3293.44,1049530.16
20230329,1,1049530.16,52730.19,0.0,1102260.35
20230330,1,1102260.35,4362.82,5354.48,1101268.69
20230331,1,1101268.69,6964.74,19001.28,1089232.15
20230401,1,1089232.15,0.0,0.0,1089232.15
20230402,1,1089232.15,0.0,0.0,1089232.15
20230403,1,1089232.15,0.0,9096.13,1080136.02
20230404,1,1080136.02,0.0,1117.51,1079018.51
20230405,1,1079018.51,0.0,10793.13,1068225.38
20230406,1,1068225.38,17929.75,0.0,1086155.13
20230407,1,1086155.13,4903.42,18051.59,1073006.96
20230408,1,1073006.96,8641.54,0.0,1081648.5
20230409,1,1081648.5,0.0,0.0,1081648.5
20230410,1,1081648.5,38203.31,1403.3,1118448.51
20230411,1,1118448.51,0.0,1580.09,1116868.42
20230412,1,1116868.42,14083.2,2210.0,1128741.62
20230413,1,1128741.62,29442.66,19931.8,1138252.48
20230414,1,1138252.48,0.0,22501.38,1115751.1
20230415,1,1115751.1,0.0,0.0,1115751.1
20230416,1,1115751.1,12319.96,0.0,1128071.06
20230417,1,1128071.06,25100.26,0.0,1153171.32
20230418,1,1153171.32,24183.07,0.0,1177354.39
20230419,1,1177354.39,70923.45,6819.41,1241458.43
20230420,1,1241458.43,6244.11,8362.3,1239340.24
20230421,1,1239340.24,33548.3,52030.12,1220858.42
20230422,1,1220858.42,14597.16,25286.78,1210168.8
20230423,1,1210168.8,0.0,0.0,1210168.8
20230424,1,1210168.8,0.0,0.0,1210168.8
20230425,1,1210168.8,47151.14,0.0,1257319.94
20230426,1,1257319.94,40656.96,24098.42,1273878.48
20230427,1,1273878.48,48503.9,5151.05,1317231.33
20230428,1,1317231.33,0.0,5336.36,1311894.97
20230429,1,1311894.97,2144.81,0.0,1314039.78
20230430,1,1314039.78,13033.15,0.0,1327072.93
20230501,1,1327072.93,26687.0,0.0,1353759.93
20230502,1,1353759.93,0.0,39070.06,1314689.87
20230503,1,1314689.87,24313.35,6408.4,1332594.82
20230504,1,1332594.82,0.0,0.0,1332594.82
20230505,1,1332594.82,0.0,1543.86,1331050.96
20230506,1,1331050.96,0.0,0.0,1331050.96
20230507,1,1331050.96,0.0,0.0,1331050.96
20230508,1,1331050.96,4887.27,14149.32,1321788.91
20230509,1,1321788.91,0.0,30265.01,1291523.9
20230510,1,1291523.9,0.0,42256.64,1249267.26
20230511,1,1249267.26,169.6,30122.32,1219314.54
20230512,1,1219314.54,4771.69,0.0,1224086.23
20230513,1,1224086.23,0.0,15839.1,1208247.13
20230514,1,1208247.13,0.0,0.0,1208247.13
20230515,1,1208247.13,0.0,14424.86,1193822.27
20230516,1,1193822.27,4183.42,0.0,1198005.69
20230517,1,1198005.69,62413.85,2625.11,1257794.43
20230518,1,1257794.43,1957.52,482.37,1259269.58
20230519,1,1259269.58,6627.42,25906.72,1239990.28
20230520,1,1239990.28,0.0,0.0,1239990.28
20230521,1,1239990.28,0.0,20896.08,1219094.2
20230522,1,1219094.2,40924.68,0.0,1260018.88
20230523,1,1260018.88,11901.0,0.0,1271919.88
20230524,1,1271919.88,0.0,9754.33,1262165.55
20230525,1,1262165.55,0.0,7760.32,1254405.23
20230526,1,1254405.23,10768.32,15649.41,1249524.14
20230527,1,1249524.14,36590.78,0.0,1286114.92
20230528,1,1286114.92,12985.61,0.0,1299100.53
20230529,1,1299100.53,0.0,9098.69,1290001.84
20230530,1,1290001.84,0.0,12761.66,1277240.18
20230531,1,1277240.18,2164.76,54204.89,1225200.05
20230601,1,1225200.05,77860.52,11054.51,1292006.06
20230602,1,1292006.06,0.0,0.0,1292006.06
20230603,1,1292006.06,0.0,0.0,1292006.06
20230604,1,1292006.06,0.0,0.0,1292006.06
20230605,1,1292006.06,0.0,0.0,1292006.06
20230606,1,1292006.06,0.0,24186.55,1267819.51
20230607,1,1267819.51,1615.23,9236.6,1260198.14
20230608,1,1260198.14,1161.17,18608.89,1242750.42
20230609,1,1242750.42,25383.79,0.0,1268134.21
20230610,1,1268134.21,11249.41,7704.71,1271678.91
20230611,1,1271678.91,0.0,0.0,1271678.91
20230612,1,1271678.91,0.0,1252.53,1270426.38
20230613,1,1270426.38,0.0,21308.53,1249117.85
20230614,1,1249117.85,25390.71,6766.41,1267742.15
20230615,1,1267742.15,0.0,0.0,1267742.15
20230616,1,1267742.15,0.0,32860.71,1234881.44
20230617,1,1234881.44,0.0,0.0,1234881.44
20230618,1,1234881.44,0.0,0.0,1234881.44
20230619,1,1234881.44,0.0,0.0,1234881.44
20230620,1,1234881.44,23861.09,0.0,1258742.53
20230621,1,1258742.53,27069.41,10226.06,1275585.88
20230622,1,1275585.88,10709.19,2167.67,1284127.4
20230623,1,1284127.4,28060.71,32414.32,1279773.79
20230624,1,1279773.79,2756.29,0.0,1282530.08
20230625,1,1282530.08,0.0,0.0,1282530.08
20230626,1,1282530.08,0.0,37563.64,1244966.44
20230627,1,1244966.44,6317.2,46765.58,1204518.06
20230628,1,1204518.06,8076.96,15107.99,1197487.03
20230629,1,1197487.03,23604.17,875.61,1220215.59
20230630,1,1220215.59,1440.6,29303.02,1192353.17
20230701,1,1192353.17,0.0,19488.14,1172865.03
20230702,1,1172865.03,0.0,27495.36,1145369.67
20230703,1,1145369.67,0.0,0.0,1145369.67
20230704,1,1145369.67,9009.01,0.0,1154378.68
20230705,1,1154378.68,7360.19,3069.18,1158669.69
20230706,1,1158669.69,0.0,0.0,1158669.69
20230707,1,1158669.69,54489.4,0.0,1213159.09
20230708,1,1213159.09,0.0,0.0,1213159.09
20230709,1,1213159.09,936.89,0.0,1214095.98
20230710,1,1214095.98,12579.26,0.0,1226675.24
20230711,1,1226675.24,3870.32,0.0,1230545.56
20230712,1,1230545.56,14159.52,0.0,1244705.08
20230713,1,1244705.08,20660.63,0.0,1265365.71
20230714,1,1265365.71,129436.83,0.0,1394802.54
20230715,1,1394802.54,24131.84,0.0,1418934.38
20230716,1,1418934.38,0.0,0.0,1418934.38
20230717,1,1418934.38,25053.06,1790.03,1442197.41
20230718,1,1442197.41,12710.86,9044.66,1445863.61
20230719,1,1445863.61,15156.51,29228.07,1431792.05
20230720,1,1431792.05,8008.35,9414.95,1430385.45
20230721,1,1430385.45,0.0,12771.96,1417613.49
20230722,1,1417613.49,0.0,9245.09,1408368.4
20230723,1,1408368.4,0.0,0.0,1408368.4
20230724,1,1408368.4,8938.61,0.0,1417307.01
20230725,1,1417307.01,0.0,25859.97,1391447.04
20230726,1,1391447.04,22093.17,0.0,1413540.21
20230727,1,1413540.21,0.0,3973.34,1409566.87
20230728,1,1409566.87,1639.39,18668.71,1392537.55
20230729,1,1392537.55,0.0,0.0,1392537.55
20230730,1,1392537.55,0.0,4941.61,1387595.94
20230731,1,1387595.94,33522.52,3978.59,1417139.87
20230801,1,1417139.87,0.0,0.0,1417139.87
20230802,1,1417139.87,0.0,0.0,1417139.87
20230803,1,1417139.87,85801.43,0.0,1502941.3
20230804,1,1502941.3,2061.45,8490.05,1496512.7
20230805,1,1496512.7,8264.02,0.0,1504776.72
20230806,1,1504776.72,0.0,0.0,1504776.72
20230807,1,1504776.72,0.0,0.0,1504776.72
20230808,1,1504776.72,0.0,0.0,1504776.72
20230809,1,1504776.72,28871.93,56600.29,1477048.36
20230810,1,1477048.36,2962.17,10618.95,1469391.58
20230811,1,1469391.58,0.0,10833.5,1458558.08
20230812,1,1458558.08,4094.24,0.0,1462652.32
20230813,1,1462652.32,0.0,0.0,1462652.32
20230814,1,1462652.32,0.0,0.0,1462652.32
20230815,1,1462652.32,0.0,3314.24,1459338.08
20230816,1,1459338.08,22283.41,12656.71,1468964.78
20230817,1,1468964.78,2426.44,6080.25,1465310.97
20230818,1,1465310.97,1653.7,5906.5,1461058.17
20230819,1,1461058.17,0.0,0.0,1461058.17
20230820,1,1461058.17,0.0,18785.28,1442272.89
20230821,1,1442272.89,0.0,5102.03,1437170.86
20230822,1,1437170.86,13444.5,256.87,1450358.49
20230823,1,1450358.49,0.0,4963.14,1445395.35
20230824,1,1445395.35,53151.32,17054.79,1481491.88
20230825,1,1481491.88,10476.48,50757.62,1441210.74
20230826,1,1441210.74,0.0,169.35,1441041.39
20230827,1,1441041.39,24694.49,0.0,1465735.88
20230828,1,1465735.88,1457.78,0.0,1467193.66
20230829,1,1467193.66,4618.37,0.0,1471812.03
20230830,1,1471812.03,6463.62,9225.66,1469049.99
20230831,1,1469049.99,0.0,31593.56,1437456.43
20230901,1,1437456.43,10859.67,5355.14,1442960.96
20230902,1,1442960.96,4409.5,13864.69,1433505.77
20230903,1,1433505.77,0.0,4481.26,1429024.51
20230904,1,1429024.51,32709.44,0.0,1461733.95
20230905,1,1461733.95,6514.37,33598.95,1434649.37
20230906,1,1434649.37,37081.53,1286.09,1470444.81
20230907,1,1470444.81,25767.91,11204.04,1485008.68
20230908,1,1485008.68,1145.56,0.0,1486154.24
20230909,1,1486154.24,0.0,0.0,1486154.24
20230910,1,1486154.24,0.0,0.0,1486154.24
20230911,1,1486154.24,1561.18,6761.56,1480953.86
20230912,1,1480953.86,0.0,9054.36,1471899.5
20230913,1,1471899.5,29262.14,49057.83,1452103.81
20230914,1,1452103.81,4246.58,7037.45,1449312.94
20230915,1,1449312.94,12521.75,0.0,1461834.69
20230916,1,1461834.69,0.0,1271.17,1460563.52
20230917,1,1460563.52,0.0,0.0,1460563.52
20230918,1,1460563.52,0.0,0.0,1460563.52
20230919,1,1460563.52,0.0,9540.15,1451023.37
20230920,1,1451023.37,4692.05,1201.16,1454514.26
20230921,1,1454514.26,39053.58,16306.17,1477261.67
20230922,1,1477261.67,9145.75,3192.46,1483214.96
20230923,1,1483214.96,12474.49,20605.43,1475084.02
20230924,1,1475084.02,0.0,0.0,1475084.02
20230925,1,1475084.02,28055.93,4987.53,1498152.42
20230926,1,1498152.42,0.0,0.0,1498152.42
20230927,1,1498152.42,0.0,5261.23,1492891.19
20230928,1,1492891.19,13706.98,62143.14,1444455.03
20230929,1,1444455.03,0.0,1401.12,1443053.91
20230930,1,1443053.91,0.0,7092.72,1435961.19
20231001,1,1435961.19,2067.76,0.0,1438028.95
20231002,1,1438028.95,0.0,13508.8,1424520.15
20231003,1,1424520.15,25208.03,3678.88,1446049.3
20231004,1,1446049.3,7528.26,13149.05,1440428.51
20231005,1,1440428.51,0.0,323.61,1440104.9
20231006,1,1440104.9,25883.2,12368.86,1453619.24
20231007,1,1453619.24,11282.99,12442.1,1452460.13
20231008,1,1452460.13,0.0,0.0,1452460.13
20231009,1,1452460.13,0.0,0.0,1452460.13
20231010,1,1452460.13,0.0,1755.38,1450704.75
20231011,1,1450704.75,29128.03,0.0,1479832.78
20231012,1,1479832.78,2949.82,29295.58,1453487.02
20231013,1,1453487.02,1232.44,0.0,1454719.46
20231014,1,1454719.46,0.0,17109.34,1437610.12
20231015,1,1437610.12,0.0,0.0,1437610.12
20231016,1,1437610.12,0.0,38531.01,1399079.11
20231017,1,1399079.11,0.0,0.0,1399079.11
20231018,1,1399079.11,0.0,460.98,1398618.13
20231019,1,1398618.13,3713.13,7473.9,1394857.36
20231020,1,1394857.36,45607.48,5690.34,1434774.5
20231021,1,1434774.5,0.0,0.0,1434774.5
20231022,1,1434774.5,0.0,0.0,1434774.5
20231023,1,1434774.5,9123.13,0.0,1443897.63
20231024,1,1443897.63,0.0,0.0,1443897.63
20231025,1,1443897.63,0.0,14924.15,1428973.48
20231026,1,1428973.48,0.0,0.0,1428973.48
20231027,1,1428973.48,7396.87,0.0,1436370.35
20231028,1,1436370.35,0.0,0.0,1436370.35
20231029,1,1436370.35,26304.36,0.0,1462674.71
20231030,1,1462674.71,0.0,10704.7,1451970.01
20231031,1,1451970.01,13206.67,0.0,1465176.68
20231101,1,1465176.68,46754.63,36178.43,1475752.88
20231102,1,1475752.88,40373.42,0.0,1516126.3
20231103,1,1516126.3,3913.45,0.0,1520039.75
20231104,1,1520039.75,9587.43,0.0,1529627.18
20231105,1,1529627.18,0.0,0.0,1529627.18
20231106,1,1529627.18,188.94,0.0,1529816.12
20231107,1,1529816.12,0.0,30579.0,1499237.12
20231108,1,1499237.12,1064.19,19822.38,1480478.93
20231109,1,1480478.93,11707.83,9587.82,1482598.94
20231110,1,1482598.94,0.0,19469.2,1463129.74
20231111,1,1463129.74,7891.81,0.0,1471021.55
20231112,1,1471021.55,0.0,0.0,1471021.55
20231113,1,1471021.55,0.0,0.0,1471021.55
20231114,1,1471021.55,2113.47,0.0,1473135.02
20231115,1,1473135.02,27127.95,22334.3,1477928.67
20231116,1,1477928.67,82167.93,273.84,1559822.76
20231117,1,1559822.76,0.0,16357.8,1543464.96
20231118,1,1543464.96,1836.78,9903.8,1535397.94
20231119,1,1535397.94,0.0,3956.89,1531441.05
20231120,1,1531441.05,0.0,432.55,1531008.5
20231121,1,1531008.5,11656.07,22561.49,1520103.08
20231122,1,1520103.08,1749.07,0.0,1521852.15
20231123,1,1521852.15,4415.35,2115.77,1524151.73
20231124,1,1524151.73,21728.76,0.0,1545880.49
20231125,1,1545880.49,1588.14,0.0,1547468.63
20231126,1,1547468.63,33622.7,25413.69,1555677.64
20231127,1,1555677.64,0.0,0.0,1555677.64
20231128,1,1555677.64,6410.33,0.0,1562087.97
20231129,1,1562087.97,0.0,9597.26,1552490.71
20231130,1,1552490.71,0.0,0.0,1552490.71
20231201,1,1552490.71,0.0,948.69,1551542.02
20231202,1,1551542.02,8664.9,22.22,1560184.7
20231203,1,1560184.7,0.0,0.0,1560184.7
20231204,1,1560184.7,0.0,28473.11,1531711.59
20231205,1,1531711.59,26129.52,0.0,1557841.11
20231206,1,1557841.11,20505.54,11917.85,1566428.8
20231207,1,1566428.8,18513.43,0.0,1584942.23
20231208,1,1584942.23,59399.58,15540.44,1628801.37
20231209,1,1628801.37,0.0,7256.17,1621545.2
20231210,1,1621545.2,27500.8,0.0,1649046.0
20231211,1,1649046.0,7080.18,0.0,1656126.18
20231212,1,1656126.18,0.0,0.0,1656126.18
20231213,1,1656126.18,37823.22,61165.78,1632783.62
20231214,1,1632783.62,9392.41,0.0,1642176.03
20231215,1,1642176.03,0.0,50090.46,1592085.57
20231216,1,1592085.57,0.0,0.0,1592085.57
20231217,1,1592085.57,0.0,0.0,1592085.57
20231218,1,1592085.57,0.0,43909.39,1548176.18
20231219,1,1548176.18,15351.56,0.0,1563527.74
20231220,1,1563527.74,0.0,18399.47,1545128.27
20231221,1,1545128.27,3212.53,0.0,1548340.8
20231222,1,1548340.8,16002.18,36725.06,1527617.92
20231223,1,1527617.92,33388.01,0.0,1561005.93
20231224,1,1561005.93,2980.31,0.0,1563986.24
20231225,1,1563986.24,0.0,0.0,1563986.24
20231226,1,1563986.24,38103.62,6643.43,1595446.43
20231227,1,1595446.43,18820.55,0.0,1614266.98
20231228,1,1614266.98,1447.61,3842.05,1611872.54
20231229,1,1611872.54,0.0,23397.2,1588475.34
20231230,1,1588475.34,22204.89,20665.07,1590015.16
20231231,1,1590015.16,0.0,0.0,1590015.16
20240101,1,1590015.16,0.0,9753.9,1580261.26
20240102,1,1580261.26,1249.12,0.0,1581510.38
20240103,1,1581510.38,36434.23,3079.91,1614864.7
20240104,1,1614864.7,17979.35,0.0,1632844.05
20240105,1,1632844.05,16422.57,5012.84,1644253.78
20240106,1,1644253.78,0.0,0.0,1644253.78
20240107,1,1644253.78,0.0,0.0,1644253.78
20240108,1,1644253.78,0.0,0.0,1644253.78
20240109,1,1644253.78,11575.17,0.0,1655828.95
20240110,1,1655828.95,0.0,0.0,1655828.95
20240111,1,1655828.95,0.0,26889.38,1628939.57
20240112,1,1628939.57,7722.2,26417.7,1610244.07
20240113,1,1610244.07,40884.49,1208.75,1649919.81
20240114,1,1649919.81,0.0,16528.4,1633391.41
20240115,1,1633391.41,20961.94,12168.91,1642184.44
20240116,1,1642184.44,0.0,2240.15,1639944.29
20240117,1,1639944.29,12260.75,3071.6,1649133.44
20240118,1,1649133.44,0.0,0.0,1649133.44
20240119,1,1649133.44,8544.25,0.0,1657677.69
20240120,1,1657677.69,21201.7,34109.94,1644769.45
20240121,1,1644769.45,0.0,0.0,1644769.45
20240122,1,1644769.45,0.0,24749.34,1620020.11
20240123,1,1620020.11,23464.02,4241.74,1639242.39
20240124,1,1639242.39,0.0,0.0,1639242.39
20240125,1,1639242.39,53179.92,905.1,1691517.21
20240126,1,1691517.21,27447.11,2245.77,1716718.55
20240127,1,1716718.55,0.0,0.0,1716718.55
20240128,1,1716718.55,0.0,0.0,1716718.55
20240129,1,1716718.55,0.0,110.95,1716607.6
20240130,1,1716607.6,0.0,0.0,1716607.6
20240131,1,1716607.6,62017.39,0.0,1778624.99
20240201,1,1778624.99,0.0,0.0,1778624.99
20240202,1,1778624.99,22761.35,20341.24,1781045.1
20240203,1,1781045.1,5328.55,0.0,1786373.65
20240204,1,1786373.65,0.0,0.0,1786373.65
20240205,1,1786373.65,0.0,13848.99,1772524.66
20240206,1,1772524.66,37904.13,0.0,1810428.79
20240207,1,1810428.79,36491.47,62243.23,1784677.03
20240208,1,1784677.03,35087.62,0.0,1819764.65
20240209,1,1819764.65,0.0,34799.48,1784965.17
20240210,1,1784965.17,1912.63,14240.9,1772636.9
20240211,1,1772636.9,0.0,6923.92,1765712.98
20240212,1,1765712.98,28322.2,0.0,1794035.18
20240213,1,1794035.18,19.31,0.0,1794054.49
20240214,1,1794054.49,5771.03,14047.39,1785778.13
20240215,1,1785778.13,0.0,1593.98,1784184.15
20240216,1,1784184.15,0.0,6244.62,1777939.53
20240217,1,1777939.53,8347.39,35159.61,1751127.31
20240218,1,1751127.31,252.45,4836.82,1746542.94
20240219,1,1746542.94,0.0,3926.15,1742616.79
20240220,1,1742616.79,0.0,0.0,1742616.79
20240221,1,1742616.79,4949.23,15202.99,1732363.03
20240222,1,1732363.03,21148.21,5588.66,1747922.58
20240223,1,1747922.58,5581.62,17335.36,1736168.84
20240224,1,1736168.84,6099.66,0.0,1742268.5
20240225,1,1742268.5,0.0,0.0,1742268.5
20240226,1,1742268.5,8626.53,0.0,1750895.03
20240227,1,1750895.03,0.0,0.0,1750895.03
20240228,1,1750895.03,82066.63,5610.97,1827350.69
20240229,1,1827350.69,0.0,0.0,1827350.69
20240301,1,1827350.69,22362.3,8365.97,1841347.02
20240302,1,1841347.02,0.0,5543.4,1835803.62
20240303,1,1835803.62,0.0,0.0,1835803.62
20240304,1,1835803.62,657.98,18584.08,1817877.52
20240305,1,1817877.52,19957.4,4153.97,1833680.95
20240306,1,1833680.95,0.0,18934.11,1814746.84
20240307,1,1814746.84,0.0,18762.55,1795984.29
20240308,1,1795984.29,2228.45,0.0,1798212.74
20240309,1,1798212.74,0.0,0.0,1798212.74
20240310,1,1798212.74,201.81,0.0,1798414.55
20240311,1,1798414.55,11186.89,2653.91,1806947.53
20240312,1,1806947.53,6916.79,0.0,1813864.32
20240313,1,1813864.32,0.0,7624.62,1806239.7
20240314,1,1806239.7,0.0,17275.99,1788963.71
20240315,1,1788963.71,62527.72,0.0,1851491.43
20240316,1,1851491.43,0.0,8235.05,1843256.38
20240317,1,1843256.38,0.0,0.0,1843256.38
20240318,1,1843256.38,0.0,11400.44,1831855.94
20240319,1,1831855.94,0.0,19242.24,1812613.7
20240320,1,1812613.7,0.0,0.0,1812613.7
20240321,1,1812613.7,41877.84,18192.79,1836298.75
20240322,1,1836298.75,48834.41,6751.79,1878381.37
20240323,1,1878381.37,25323.57,0.0,1903704.94
20240324,1,1903704.94,12443.3,23265.9,1892882.34
20240325,1,1892882.34,0.0,0.0,1892882.34
20240326,1,1892882.34,7454.25,2298.73,1898037.86
20240327,1,1898037.86,0.0,36118.64,1861919.22
20240328,1,1861919.22,57288.19,26450.67,1892756.74
20240329,1,1892756.74,24523.95,13792.66,1903488.03
20240330,1,1903488.03,2803.48,0.0,1906291.51
20240331,1,1906291.51,28152.96,922.26,1933522.21
20240401,1,1933522.21,0.0,32210.02,1901312.19
20240402,1,1901312.19,21979.74,2775.14,1920516.79
20240403,1,1920516.79,11074.85,10827.72,1920763.92
20240404,1,1920763.92,13327.64,0.0,1934091.56
20240405,1,1934091.56,22014.06,32073.4,1924032.22
20240406,1,1924032.22,0.0,0.0,1924032.22
20240407,1,1924032.22,0.0,2190.2,1921842.02
20240408,1,1921842.02,0.0,0.0,1921842.02
20240409,1,1921842.02,11733.94,26375.55,1907200.41
20240410,1,1907200.41,18436.63,25041.74,1900595.3
20240411,1,1900595.3,0.0,11780.97,1888814.33
20240412,1,1888814.33,0.0,9046.0,1879768.33
20240413,1,1879768.33,13079.47,0.0,1892847.8
20240414,1,1892847.8,0.0,0.0,1892847.8
20240415,1,1892847.8,19831.17,3605.29,1909073.68
20240416,1,1909073.68,0.0,0.0,1909073.68
20240417,1,1909073.68,3952.94,27817.73,1885208.89
20240418,1,1885208.89,0.0,12228.3,1872980.59
20240419,1,1872980.59,76258.44,0.0,1949239.03
20240420,1,1949239.03,18287.04,41025.65,1926500.42
20240421,1,1926500.42,0.0,0.0,1926500.42
20240422,1,1926500.42,3149.31,0.0,1929649.73
20240423,1,1929649.73,0.0,1616.01,1928033.72
20240424,1,1928033.72,17823.11,3037.79,1942819.04
20240425,1,1942819.04,0.0,0.0,1942819.04
20240426,1,1942819.04,0.0,19315.65,1923503.39
20240427,1,1923503.39,0.0,0.0,1923503.39
20240428,1,1923503.39,0.0,0.0,1923503.39
20240429,1,1923503.39,9207.75,2175.35,1930535.79
20240430,1,1930535.79,0.0,1075.42,1929460.37
20240501,1,1929460.37,12999.39,0.0,1942459.76
20240502,1,1942459.76,5761.55,0.0,1948221.31
20240503,1,1948221.31,12219.85,12813.85,1947627.31
20240504,1,1947627.31,0.0,0.0,1947627.31
20240505,1,1947627.31,0.0,0.0,1947627.31
20240506,1,1947627.31,0.0,6754.83,1940872.48
20240507,1,1940872.48,63337.54,8401.04,1995808.98
20240508,1,1995808.98,0.0,18902.25,1976906.73
20240509,1,1976906.73,21305.33,27250.27,1970961.79
20240510,1,1970961.79,62876.68,19696.39,2014142.08
20240511,1,2014142.08,9653.36,5038.8,2018756.64
20240512,1,2018756.64,0.0,28171.39,1990585.25
20240513,1,1990585.25,2624.83,0.0,1993210.08
20240514,1,1993210.08,0.0,149.05,1993061.03
20240515,1,1993061.03,3095.86,0.0,1996156.89
20240516,1,1996156.89,0.0,0.0,1996156.89
20240517,1,1996156.89,5010.67,1011.68,2000155.88
20240518,1,2000155.88,0.0,29803.98,1970351.9
20240519,1,1970351.9,70025.32,20611.6,2019765.62
20240520,1,2019765.62,17652.17,23764.29,2013653.5
20240521,1,2013653.5,0.0,0.0,2013653.5
20240522,1,2013653.5,0.0,0.0,2013653.5
20240523,1,2013653.5,35791.44,11901.88,2037543.06
20240524,1,2037543.06,22173.61,17799.28,2041917.39
20240525,1,2041917.39,0.0,0.0,2041917.39
20240526,1,2041917.39,0.0,0.0,2041917.39
20240527,1,2041917.39,9127.56,11535.13,2039509.82
20240528,1,2039509.82,320.15,932.03,2038897.94
20240529,1,2038897.94,20663.5,20307.37,2039254.07
20240530,1,2039254.07,3646.37,7755.35,2035145.09
20240531,1,2035145.09,32473.93,0.0,2067619.02
20240601,1,2067619.02,0.0,0.0,2067619.02
20240602,1,2067619.02,6475.16,0.0,2074094.18
20240603,1,2074094.18,28108.55,0.0,2102202.73
20240604,1,2102202.73,6008.4,0.0,2108211.13
20240605,1,2108211.13,0.0,57630.02,2050581.11
20240606,1,2050581.11,0.0,9295.44,2041285.67
20240607,1,2041285.67,0.0,3040.83,2038244.84
20240608,1,2038244.84,0.0,4423.94,2033820.9
20240609,1,2033820.9,0.0,0.0,2033820.9
20240610,1,2033820.9,15039.82,24588.15,2024272.57
20240611,1,2024272.57,0.0,3438.45,2020834.12
20240612,1,2020834.12,18188.61,0.0,2039022.73
20240613,1,2039022.73,0.0,20358.1,2018664.63
20240614,1,2018664.63,15569.5,7719.39,2026514.74
20240615,1,2026514.74,1400.94,27613.53,2000302.15
20240616,1,2000302.15,0.0,0.0,2000302.15
20240617,1,2000302.15,0.0,0.0,2000302.15
20240618,1,2000302.15,32037.63,0.0,2032339.78
20240619,1,2032339.78,0.0,0.0,2032339.78
20240620,1,2032339.78,31434.17,0.0,2063773.95
20240621,1,2063773.95,21370.44,3652.98,2081491.41
20240622,1,2081491.41,1261.12,0.0,2082752.53
20240623,1,2082752.53,0.0,0.0,2082752.53
20240624,1,2082752.53,0.0,0.0,2082752.53
20240625,1,2082752.53,0.0,0.0,2082752.53
20240626,1,2082752.53,11623.37,39211.26,2055164.64
20240627,1,2055164.64,29064.61,53305.71,2030923.54
20240628,1,2030923.54,0.0,6125.14,2024798.4
20240629,1,2024798.4,6879.67,0.0,2031678.07
20240630,1,2031678.07,0.0,0.0,2031678.07
20240701,1,2031678.07,2607.23,20485.85,2013799.45
20240702,1,2013799.45,28702.21,0.0,2042501.66
20240703,1,2042501.66,0.0,5695.54,2036806.12
20240704,1,2036806.12,0.0,10297.21,2026508.91
20240705,1,2026508.91,48662.57,10731.9,2064439.58
20240706,1,2064439.58,22531.07,7816.24,2079154.41
20240707,1,2079154.41,0.0,9402.97,2069751.44
20240708,1,2069751.44,0.0,0.0,2069751.44
20240709,1,2069751.44,0.0,6021.23,2063730.21
20240710,1,2063730.21,0.0,59138.11,2004592.1
20240711,1,2004592.1,5506.95,0.0,2010099.05
20240712,1,2010099.05,7345.29,0.0,2017444.34
20240713,1,2017444.34,0.0,571.58,2016872.76
20240714,1,2016872.76,0.0,0.0,2016872.76
20240715,1,2016872.76,0.0,0.0,2016872.76
20240716,1,2016872.76,0.0,174.83,2016697.93
20240717,1,2016697.93,13466.48,56337.87,1973826.54
20240718,1,1973826.54,31067.95,17056.65,1987837.84
20240719,1,1987837.84,16949.17,7947.84,1996839.17
20240720,1,1996839.17,5449.81,0.0,2002288.98
20240721,1,2002288.98,0.0,0.0,2002288.98
20240722,1,2002288.98,17069.03,6602.52,2012755.49
20240723,1,2012755.49,7439.53,0.0,2020195.02
20240724,1,2020195.02,16832.45,16583.6,2020443.87
20240725,1,2020443.87,6043.78,5289.67,2021197.98
20240726,1,2021197.98,22168.94,28176.6,2015190.32
20240727,1,2015190.32,0.0,58562.51,1956627.81
20240728,1,1956627.81,12417.1,6224.57,1962820.34
20240729,1,1962820.34,636.8,0.0,1963457.14
20240730,1,1963457.14,0.0,0.0,1963457.14
20240731,1,1963457.14,5728.65,0.0,1969185.79
20240801,1,1969185.79,3186.5,5956.96,1966415.33
20240802,1,1966415.33,10382.32,17831.17,1958966.48
20240803,1,1958966.48,0.0,201.13,1958765.35
20240804,1,1958765.35,0.0,0.0,1958765.35
20240805,1,1958765.35,0.0,0.0,1958765.35
20240806,1,1958765.35,0.0,219.26,1958546.09
20240807,1,1958546.09,21264.32,39924.28,1939886.13
20240808,1,1939886.13,9887.59,4853.11,1944920.61
20240809,1,1944920.61,0.0,0.0,1944920.61
20240810,1,1944920.61,2489.2,1803.78,1945606.03
20240811,1,1945606.03,0.0,0.0,1945606.03
20240812,1,1945606.03,84016.27,0.0,2029622.3
20240813,1,2029622.3,0.0,1267.97,2028354.33
20240814,1,2028354.33,14506.09,0.0,2042860.42
20240815,1,2042860.42,19523.9,0.0,2062384.32
20240816,1,2062384.32,0.0,926.19,2061458.13
20240817,1,2061458.13,0.0,0.0,2061458.13
20240818,1,2061458.13,0.0,0.0,2061458.13
20240819,1,2061458.13,0.0,0.0,2061458.13
20240820,1,2061458.13,5734.56,0.0,2067192.69
20240821,1,2067192.69,16633.39,8775.52,2075050.56
20240822,1,2075050.56,14641.96,34488.42,2055204.1
20240823,1,2055204.1,35146.47,0.0,2090350.57
20240824,1,2090350.57,0.0,0.0,2090350.57
20240825,1,2090350.57,39959.44,0.0,2130310.01
20240826,1,2130310.01,0.0,2960.05,2127349.96
20240827,1,2127349.96,0.0,0.0,2127349.96
20240828,1,2127349.96,15656.03,9422.38,2133583.61
20240829,1,2133583.61,27324.01,12233.73,2148673.89
20240830,1,2148673.89,0.0,19725.79,2128948.1
20240831,1,2128948.1,3288.42,0.0,2132236.52
20240901,1,2132236.52,341.75,0.0,2132578.27
20240902,1,2132578.27,0.0,5202.93,2127375.34
20240903,1,2127375.34,15028.43,4044.91,2138358.86
20240904,1,2138358.86,0.0,25399.76,2112959.1
20240905,1,2112959.1,44944.78,28569.69,2129334.19
20240906,1,2129334.19,1562.09,2450.57,2128445.71
20240907,1,2128445.71,0.0,10504.38,2117941.33
20240908,1,2117941.33,28704.19,0.0,2146645.52
20240909,1,2146645.52,13065.25,0.0,2159710.77
20240910,1,2159710.77,13613.62,0.0,2173324.39
20240911,1,2173324.39,943.9,79197.8,2095070.49
20240912,1,2095070.49,39027.42,0.0,2134097.91
20240913,1,2134097.91,24038.95,0.0,2158136.86
20240914,1,2158136.86,9086.8,0.0,2167223.66
20240915,1,2167223.66,0.0,68807.65,2098416.01
20240916,1,2098416.01,0.0,0.0,2098416.01
20240917,1,2098416.01,7775.96,0.0,2106191.97
20240918,1,2106191.97,29342.98,2907.73,2132627.22
20240919,1,2132627.22,7858.63,33855.68,2106630.17
20240920,1,2106630.17,3570.54,25348.82,2084851.89
20240921,1,2084851.89,0.0,0.0,2084851.89
20240922,1,2084851.89,15885.84,3787.14,2096950.59
20240923,1,2096950.59,0.0,0.0,2096950.59
20240924,1,2096950.59,38293.27,0.0,2135243.86
20240925,1,2135243.86,0.0,41789.38,2093454.48
20240926,1,2093454.48,20985.0,7921.66,2106517.82
20240927,1,2106517.82,0.0,13409.71,2093108.11
20240928,1,2093108.11,31929.7,10367.84,2114669.97
20240929,1,2114669.97,0.0,0.0,2114669.97
20240930,1,2114669.97,0.0,13350.51,2101319.46
20241001,1,2101319.46,5616.48,0.0,2106935.94
20241002,1,2106935.94,7160.51,0.0,2114096.45
20241003,1,2114096.45,0.0,0.0,2114096.45
20241004,1,2114096.45,22098.2,3396.14,2132798.51
20241005,1,2132798.51,0.0,0.0,2132798.51
20241006,1,2132798.51,0.0,0.0,2132798.51
20241007,1,2132798.51,0.0,30130.5,2102668.01
20241008,1,2102668.01,0.0,2443.01,2100225.0
20241009,1,2100225.0,39573.59,14351.96,2125446.63
20241010,1,2125446.63,6168.26,16034.8,2115580.09
20241011,1,2115580.09,14521.26,0.0,2130101.35
20241012,1,2130101.35,7837.27,0.0,2137938.62
20241013,1,2137938.62,0.0,0.0,2137938.62
20241014,1,2137938.62,17141.15,0.0,2155079.77
20241015,1,2155079.77,0.0,0.0,2155079.77
20241016,1,2155079.77,6136.66,39205.68,2122010.75
20241017,1,2122010.75,0.0,33475.57,2088535.18
20241018,1,2088535.18,43289.48,4937.11,2126887.55
20241019,1,2126887.55,0.0,71.1,2126816.45
20241020,1,2126816.45,0.0,0.0,2126816.45
20241021,1,2126816.45,0.0,0.0,2126816.45
20241022,1,2126816.45,17975.34,20022.36,2124769.43
20241023,1,2124769.43,1538.13,0.0,2126307.56
20241024,1,2126307.56,0.0,0.0,2126307.56
20241025,1,2126307.56,9523.47,0.0,2135831.03
20241026,1,2135831.03,0.0,0.0,2135831.03
20241027,1,2135831.03,0.0,0.0,2135831.03
20241028,1,2135831.03,0.0,0.0,2135831.03
20241029,1,2135831.03,0.0,12060.14,2123770.89
20241030,1,2123770.89,5685.68,7881.95,2121574.62
20241031,1,2121574.62,16609.02,4060.74,2134122.9
20241101,1,2134122.9,7650.75,25136.03,2116637.62
20241102,1,2116637.62,0.0,0.0,2116637.62
20241103,1,2116637.62,751.65,5283.62,2112105.65
20241104,1,2112105.65,62522.26,0.0,2174627.91
20241105,1,2174627.91,35421.45,11137.8,2198911.56
20241106,1,2198911.56,10784.11,0.0,2209695.67
20241107,1,2209695.67,32168.81,0.0,2241864.48
20241108,1,2241864.48,18789.74,1445.92,2259208.3
20241109,1,2259208.3,3787.56,14717.58,2248278.28
20241110,1,2248278.28,6215.5,3756.55,2250737.23
20241111,1,2250737.23,0.0,0.0,2250737.23
20241112,1,2250737.23,0.0,8459.53,2242277.7
20241113,1,2242277.7,0.0,5662.92,2236614.78
20241114,1,2236614.78,22012.58,0.0,2258627.36
20241115,1,2258627.36,43852.42,17689.26,2284790.52
20241116,1,2284790.52,3383.6,0.0,2288174.12
20241117,1,2288174.12,0.0,0.0,2288174.12
20241118,1,2288174.12,0.0,17122.35,2271051.77
20241119,1,2271051.77,1092.71,0.0,2272144.48
20241120,1,2272144.48,2331.17,14474.67,2260000.98
20241121,1,2260000.98,21705.12,27323.11,2254382.99
20241122,1,2254382.99,28567.49,32453.35,2250497.13
20241123,1,2250497.13,0.0,16931.15,2233565.98
20241124,1,2233565.98,0.0,0.0,2233565.98
20241125,1,2233565.98,0.0,0.0,2233565.98
20241126,1,2233565.98,29984.99,23468.13,2240082.84
20241127,1,2240082.84,10145.07,33397.06,2216830.85
20241128,1,2216830.85,55812.08,774.76,2271868.17
20241129,1,2271868.17,0.0,19989.6,2251878.57
20241130,1,2251878.57,0.0,0.0,2251878.57
20241201,1,2251878.57,0.0,0.0,2251878.57
20241202,1,2251878.57,0.0,3630.01,2248248.56
20241203,1,2248248.56,730.7,9975.72,2239003.54
20241204,1,2239003.54,0.0,26328.08,2212675.46
20241205,1,2212675.46,11739.9,19422.01,2204993.35
20241206,1,2204993.35,2038.78,10747.36,2196284.77
20241207,1,2196284.77,0.0,0.0,2196284.77
20241208,1,2196284.77,0.0,30499.18,2165785.59
20241209,1,2165785.59,16682.7,26361.71,2156106.58
20241210,1,2156106.58,5178.77,0.0,2161285.35
20241211,1,2161285.35,97629.68,30674.59,2228240.44
20241212,1,2228240.44,2771.86,0.0,2231012.3
20241213,1,2231012.3,2066.12,5334.44,2227743.98
20241214,1,2227743.98,11805.78,0.0,2239549.76
20241215,1,2239549.76,0.0,0.0,2239549.76
20241216,1,2239549.76,0.0,0.0,2239549.76
20241217,1,2239549.76,0.0,0.0,2239549.76
20241218,1,2239549.76,0.0,9644.39,2229905.37
20241219,1,2229905.37,0.0,3118.39,2226786.98
20241220,1,2226786.98,5019.66,15861.84,2215944.8
20241221,1,2215944.8,8778.9,0.0,2224723.7
20241222,1,2224723.7,0.0,0.0,2224723.7
20241223,1,2224723.7,0.0,0.0,2224723.7
20241224,1,2224723.7,18124.37,0.0,2242848.07
20241225,1,2242848.07,69024.77,13664.42,2298208.42
20241226,1,2298208.42,3148.59,0.0,2301357.01
20241227,1,2301357.01,0.0,0.0,2301357.01
20241228,1,2301357.01,0.0,0.0,2301357.01
20241229,1,2301357.01,0.0,0.0,2301357.01
20241230,1,2301357.01,11885.69,8418.74,2304823.96
20241231,1,2304823.96,169910.58,88063.59,2386670.95
